account_id,account_name,account_oid,ad_features,ad_id,ad_labels,area,area_name,area_v2,avatar,body,business_days,category,category_name,contain_videos,cta_buttons,date,feature_params,fee_type,full_name,image,image_thumbnails,images,inspection_images,is_main_street,is_price_not_valid,is_shop_verified,is_sticky,is_zalo_show,job_tier,label_campaigns,latitude,list_id,list_time,location,location_id,longitude,number_of_images,orig_list_time,params,price,price_million_per_m2,price_string,protection_entitlement,pty_characteristics,pty_jupiter,pty_map,pty_map_modifier,pty_map_v2,pty_project_name,region,region_name,region_name_v3,region_v2,seller_info,size,size_unit_string,special_display_images,specific_service_offered,state,status,sticky_ad_platinum,street_name,streetnumber_display,subject,thumbnail_image,type,unique_street_id,videos,ward,ward_name,ward_name_v3,webp_image,company_ad,deposit,has_video,is_good_room,shop,shop_alias,sold_ads,stickyad_feature,street_number,average_rating,average_rating_for_seller,furnishing_rent,total_rating,total_rating_for_seller,is_block_similar_ads_other_agent,special_display
31886075,Trường Thịnh,f617f251b99b700fa2374a2de5e7b92a,[],178644648,[],112,Quận Tân Bình,13112,https://cdn.chotot.com/uac2/31886075,"Dự án: 
Thông tin chi tiết: ✅ CHỈ 1 800.000 - DORM 1 NGƯỜI TÂN BÌNH - Bao all các phí sinh hoạt - Có gác, Cửa khoá riêng tư, đứng thoải mái

✅Ngay Công Viên Hoàng Văn Thụ, Sân Bay Tân Bình, khu Cộng Hoà, …tiện ích sinh hoạt hàng ngày đầy đủ
✅ Giờ giấc tự do, k chung chủ, hệ thống pccc an toàn, camera giám sát an ninh 24/24
✅ Đầy đủ tiện nghi chung: 3 dorm 1 wc máy lạnh, tủ lạnh, bếp nấu ăn, nệm, bàn làm việc, kệ để đồ, treo quần áo, máy giặt,…
✅ 1tr8 -2tr
✅ Thăng Long Phường 4 Tân Bình TPHCM
Nguyễn cảnh dị p4 tân bình tphcm
quận 10 tphcm
Gọi ngay xem phòng và nhận giá tốt",[],1050,Phòng trọ,2,[],4 phút trước,"{'seo_structure': {'items': [{'id': 'size', 'label': 'Diện tích', 'value': '10 m²'}]}}",[],Trường Thịnh,https://cdn.chotot.com/54BisTsq7KxcPsAZaxOqgg9LSETWMFRSaXeB93T93S0/preset:listing/plain/a6e4ca1fcc84849e69fccc7bf85efa64-3001181980348047320.jpg,"[{'image': 'https://cdn.chotot.com/UMOZAsPqr5IYwooy-XBm4AwdeArKntROXxqFQ6N5RXU/preset:view/plain/a6e4ca1fcc84849e69fccc7bf85efa64-3001181980348047320.jpg', 'thumbnail': 'https://cdn.chotot.com/54BisTsq7KxcPsAZaxOqgg9LSETWMFRSaXeB93T93S0/preset:listing/plain/a6e4ca1fcc84849e69fccc7bf85efa64-3001181980348047320.jpg'}, {'image': 'https://cdn.chotot.com/Ph7BzAS967_Wh2X8waaQ1cs5BYyFadBsexTWU_fr5Mo/preset:view/plain/cf360a609b4693d75a1c08f8be472902-3001181980191837246.jpg', 'thumbnail': 'https://cdn.chotot.com/zbmwHi3NAex3cKzFtvWaCwn9cKzjYME1NP-0dQ1bwqE/preset:listing/plain/cf360a609b4693d75a1c08f8be472902-3001181980191837246.jpg'}, {'image': 'https://cdn.chotot.com/0CnnLaO6ngSnhYmTcCDZkjVwsbN0IzH0SdO2qSULttc/preset:view/plain/7a5cecfe02bf629170d1a36b8bbfc7b3-3001181980399699024.jpg', 'thumbnail': 'https://cdn.chotot.com/ESoCIcnR5sUwiD1HkecMkpzT1xsnHGZQDR-1WA22fZk/preset:listing/plain/7a5cecfe02bf629170d1a36b8bbfc7b3-3001181980399699024.jpg'}, {'image': 'https://cdn.chotot.com/1UdCW1wdEzg6aD62ZvcmyuKC209Q4azLYKNSpvj23eI/preset:view/plain/c7c9c47173b35542000b3778f8670cef-3001181980688858566.jpg', 'thumbnail': 'https://cdn.chotot.com/HISw3tT_R7G_ikb3WFDhEOEN-L03ZKAGfA0BxsCMTlA/preset:listing/plain/c7c9c47173b35542000b3778f8670cef-3001181980688858566.jpg'}]","['https://cdn.chotot.com/UMOZAsPqr5IYwooy-XBm4AwdeArKntROXxqFQ6N5RXU/preset:view/plain/a6e4ca1fcc84849e69fccc7bf85efa64-3001181980348047320.jpg', 'https://cdn.chotot.com/Ph7BzAS967_Wh2X8waaQ1cs5BYyFadBsexTWU_fr5Mo/preset:view/plain/cf360a609b4693d75a1c08f8be472902-3001181980191837246.jpg', 'https://cdn.chotot.com/0CnnLaO6ngSnhYmTcCDZkjVwsbN0IzH0SdO2qSULttc/preset:view/plain/7a5cecfe02bf629170d1a36b8bbfc7b3-3001181980399699024.jpg', 'https://cdn.chotot.com/1UdCW1wdEzg6aD62ZvcmyuKC209Q4azLYKNSpvj23eI/preset:view/plain/c7c9c47173b35542000b3778f8670cef-3001181980688858566.jpg']",[],True,False,False,False,False,0,[],10.806146,134577359,1788973745441,"10.8061453,106.6614155",osm:W32586725,106.661415,4,1788843966000.0,[],1800000,0.18,"1,8 triệu/tháng",False,[],0,https://cdn.chotot.com/admincentre/location/10x806945_106x662216_c.jpg,0.0008,https://cdn.chotot.com/admincentre/location/10x806945_106x662216_c_v2.jpg,,13,Tp Hồ Chí Minh,TP Hồ Chí Minh,13000,"{'avatar': 'https://cdn.chotot.com/uac2/31886075', 'full_name': 'Trường Thịnh', 'live_ads': 1}",10,m²,[],[],accepted,active,0,Đường Thăng Long,0.0,CHỈ 1.800.000 - DORM 1 NGƯỜI TÂN BÌNH - Bao all các phí sinh hoạt,https://cdn.chotot.com/54BisTsq7KxcPsAZaxOqgg9LSETWMFRSaXeB93T93S0/preset:listing/plain/a6e4ca1fcc84849e69fccc7bf85efa64-3001181980348047320.jpg,u,9a3014dac3a18e1499c1f905015a4f2d,[],9300,Phường 4,Phường Tân Sơn Nhất,https://cdn.chotot.com/_zW21byGZUJc3Y-cZJBM9ReayQW5o9eWRCbnhoAyAZY/preset:listing/plain/a6e4ca1fcc84849e69fccc7bf85efa64-3001181980348047320.webp,,,,,,,,,,,,,,,,
30689801,Danh thù nhắn tin,fa337bc065ae2de0d057bbb34b24e3a9,[],178008832,[],109,Quận Bình Thạnh,13109,https://cdn.chotot.com/uac2/30689801,"💰 Giá: 5tr4/tháng
🚫 KHÔNG cho nuôi chó/mèo
🚫 KHÔNG xe máy điện
📌 Đúng phòng này, KHÔNG quảng cáo mập mờ lừa, KHÔNG mất thời gian
-----------------------
Xem hình đính kèm (thật 100%):
✅ 30m2, ở lầu 2
✅ Phòng mới rộng, sạch, đẹp
✅ Trang bị full:
+ 1 tủ quần áo
+ 1 bàn làm việc, ghế, kệ sách
+ 1 quạt đứng
+ 1 máy lạnh
✅ Có BẾP+labo rửa, kệ chén
✅ Đặc biệt có GÁC rộng
✅ GIỜ GIẤC TỰ DO, ko chung chủ
✅ Có nhà để xe (miễn phí)
Khu biệt thự dân trí, an ninh, ko ngập nước
-----------------------------
⚡- Điện: 3.500đ/KW
💦- Nước máy: 100.000đ/người
🕸️- Rác: 50.000đ/phòng
🛵 Xe miễn phí
------------------------------
ĐC: 106/45/4 Bình Lợi, P.13, Bình Thạnh
☎️ LH: gọi điện, ko nhắn tin
",[],1050,Phòng trọ,1,[],8 phút trước,"{'seo_structure': {'items': [{'id': 'size', 'label': 'Diện tích', 'value': '30 m²'}]}}",[],Danh thù nhắn tin,https://cdn.chotot.com/w6t3NqvCXC8LY1ZwjkliM4VAZlMMHrnvV7V3_lvJVzs/preset:listing/plain/78e2438ac52bfd7912c9403b7f5b195f-2999169469983647261.jpg,"[{'image': 'https://cdn.chotot.com/3IY8aH4xTilDAhwp2Ht_gnAMKUoFyQB93WhBQp10IwI/preset:view/plain/78e2438ac52bfd7912c9403b7f5b195f-2999169469983647261.jpg', 'thumbnail': 'https://cdn.chotot.com/w6t3NqvCXC8LY1ZwjkliM4VAZlMMHrnvV7V3_lvJVzs/preset:listing/plain/78e2438ac52bfd7912c9403b7f5b195f-2999169469983647261.jpg'}, {'image': 'https://cdn.chotot.com/smkOaG9i9mG5kbnHByqPLyb0If3JjSsUYTyHpntyhbc/preset:view/plain/a2a7b2f5ecf984b8524f005a836c371e-2999169500122791002.jpg', 'thumbnail': 'https://cdn.chotot.com/rTtDiPG92_4Y5medHIjfkFLKhd4V5RmQq9BiAd9lbtI/preset:listing/plain/a2a7b2f5ecf984b8524f005a836c371e-2999169500122791002.jpg'}, {'image': 'https://cdn.chotot.com/xcEdcsc6-MRYyL1NU2kOSr0_WYdojgZBciPnvmBQvW0/preset:view/plain/8b4fd42d668fc12e0a328874aa7032ee-2999169499892855869.jpg', 'thumbnail': 'https://cdn.chotot.com/DRsRCTF3dWlSEZPfZ8R_stA9I6ZKoKpeC6l_q1ckfrM/preset:listing/plain/8b4fd42d668fc12e0a328874aa7032ee-2999169499892855869.jpg'}, {'image': 'https://cdn.chotot.com/C9WM8hnxatJRneSMFA6Kf3GHPhFYwhN1Omt64_zDzrg/preset:view/plain/33899c583e49c32861903a79e4589da3-2999169500928088954.jpg', 'thumbnail': 'https://cdn.chotot.com/U0L7mrd_2YxWVoLkIe56f27bjfF8CuLcsDAHtPvFzrY/preset:listing/plain/33899c583e49c32861903a79e4589da3-2999169500928088954.jpg'}]","['https://cdn.chotot.com/3IY8aH4xTilDAhwp2Ht_gnAMKUoFyQB93WhBQp10IwI/preset:view/plain/78e2438ac52bfd7912c9403b7f5b195f-2999169469983647261.jpg', 'https://cdn.chotot.com/smkOaG9i9mG5kbnHByqPLyb0If3JjSsUYTyHpntyhbc/preset:view/plain/a2a7b2f5ecf984b8524f005a836c371e-2999169500122791002.jpg', 'https://cdn.chotot.com/xcEdcsc6-MRYyL1NU2kOSr0_WYdojgZBciPnvmBQvW0/preset:view/plain/8b4fd42d668fc12e0a328874aa7032ee-2999169499892855869.jpg', 'https://cdn.chotot.com/C9WM8hnxatJRneSMFA6Kf3GHPhFYwhN1Omt64_zDzrg/preset:view/plain/33899c583e49c32861903a79e4589da3-2999169500928088954.jpg', 'https://cdn.chotot.com/9Z3TyfMrCPO_jMqeycbhQOrkHqEF-KlQq1UIuWEAXUg/preset:view/plain/db3df721ddaecfa17eb360bf4c946796-2999169500458369304.jpg', 'https://cdn.chotot.com/aqOHlGaUfgtpdz4e7XpQRxD8o9E5K9KIPGq0dIj5yrA/preset:view/plain/2051784510f209340b9b6958b74dfe93-2999169500058415607.jpg', 'https://cdn.chotot.com/6DCV-I4MXYgSbnPg2rPwKnKKa3O1gTJN4mpxUFe47WQ/preset:view/plain/fade38a4f9886e45bf8c5363ebb02b0d-2999169500777123658.jpg', 'https://cdn.chotot.com/j2cbd57rz6NyupMjxYzofnftyRT93GvI-NwJjwJ4bYc/preset:view/plain/87f1ad4695c8a09a639c5a31d0cc3bf3-2999169500038377305.jpg', 'https://cdn.chotot.com/q_u62YQ6inTdmWZmsqhMShxzLZFUQYXkoPYmS5hRb4A/preset:view/plain/8bcee7146328425b79714e9e5f0af11c-2999169500391260591.jpg', 'https://cdn.chotot.com/DkH93RY0sndLDoosazUcz6S-7WX2Yg4Rn1PnstoRIkw/preset:view/plain/741bfcf86a0aaf859162fee0829a9a36-2999169499974623569.jpg', 'https://cdn.chotot.com/uxGUhDdUg1swMHjcbd4I9cjmWblHKveNATM51LmGWhc/preset:view/plain/b6ab5db6b762ab178c50a891b8e646f0-2999169498975542257.jpg', 'https://cdn.chotot.com/gRktGhCUevKC_8w76WapF4C0GResTVJwiNXUiucTpZs/preset:view/plain/d21eb983acaf16e9087bdbb1a9b8b37a-2999169498983371840.jpg']",[],True,False,False,False,False,0,[],10.829622,134037407,1788973494088,"10.829622,106.7057738",osm:W32579504,106.70577,12,1786263352000.0,[],5400000,0.18,"5,4 triệu/tháng",False,[],0,https://cdn.chotot.com/admincentre/location/10x829622_106x7057738.jpg,0.0008,https://cdn.chotot.com/admincentre/location/10x829622_106x7057738_v2.jpg,,13,Tp Hồ Chí Minh,TP Hồ Chí Minh,13000,"{'avatar': 'https://cdn.chotot.com/uac2/30689801', 'full_name': 'Danh thù nhắn tin', 'live_ads': 11, 'sold_ads': 110}",30,m²,[],[],accepted,active,0,Đường Bình Lợi,1.0,"Phòng trong biệt thự Bình Lợi, full nội thất, có BAN CÔNG + GÁC rộng",https://cdn.chotot.com/w6t3NqvCXC8LY1ZwjkliM4VAZlMMHrnvV7V3_lvJVzs/preset:listing/plain/78e2438ac52bfd7912c9403b7f5b195f-2999169469983647261.jpg,u,46ac1b0b29e6167fb45eaffa3d80f178,"[{'gif_url': 'https://videodelivery.net/04eed1250c088631a9484de799cb0f87/thumbnails/thumbnail.gif?width=144&height=216&duration=3s&fps=15&fit=crop', 'id': '04eed1250c088631a9484de799cb0f87', 'thumbnail': 'https://videodelivery.net/04eed1250c088631a9484de799cb0f87/thumbnails/thumbnail.jpg', 'url': 'https://videodelivery.net/04eed1250c088631a9484de799cb0f87/manifest/video.m3u8'}]",9279,Phường 13,Phường Bình Lợi Trung,https://cdn.chotot.com/4Go2ATd3zE_ltvZbQPw_qruKbU28ksr9DUXqLum1NK0/preset:listing/plain/78e2438ac52bfd7912c9403b7f5b195f-2999169469983647261.webp,True,5400000.0,True,True,"{'alias': '87f6DkzUoR9tr0w', 'createdDate': '1786261248', 'modifiedDate': 1788886818, 'name': 'Danh Thù Nhắn Tin', 'profileImageUrl': 'https://static.chotot.com/storage/APP_WRAPPER/icons/v5/dfavt.png', 'service_type': 'membership', 'shopsCategoriesRelationships': [{'categoryId': 1000}], 'status': 'expired', 'urls': [{'url': 'danh-thu-nhan-tin'}]}",87f6DkzUoR9tr0w,110.0,special_display,106/45/4,,,,,,,
27217644,Hiếu Home,2fafd0fa927dc7300bed75b213737737,[],178680177,[],108,Quận Bình Tân,13108,https://cdn.chotot.com/uac2/27217644,"Dự án: 
Thông tin chi tiết: Giảm 500k tháng đầu

DUPLEX MỚI XÂY - FULL NỘI THẤT RIÊNG - BAN CÔNG SIÊU THOÁNG

📍Gần Aeon Mall Tân Phú

✅ 𝑻𝒊𝒆̣̂𝒏 𝒏𝒈𝒉𝒊 𝒏𝒐̂̉𝒊 𝒃𝒂̣̂𝒕:

- Full nội thất: giường, nệm, tủ quần áo, bàn ghế, bếp, tủ lạnh…
- Máy lạnh tiết kiệm điện
- Phòng sạch, ban công thoáng , lấy sáng tự nhiên

✅ 𝑻𝒊𝒆̣̂𝒏 𝒊́𝒄𝒉 𝒕𝒐𝒂̀ 𝒏𝒉𝒂̀

- Giờ giấc tự do , ra vào vân tay , thang máy
- Bãi xe rộng rãi , wifi mạnh
- Pccc",[],1050,Phòng trọ,2,[],9 phút trước,"{'seo_structure': {'items': [{'id': 'size', 'label': 'Diện tích', 'value': '30 m²'}, {'id': 'furnishing_rent', 'label': 'Tình trạng nội thất', 'value': 'Nội thất đầy đủ'}]}}",[],Hiếu Home,https://cdn.chotot.com/djynDu9BDY0iNU1ge8rydFbSzGJHunNRWlhDDIytuuk/preset:listing/plain/aa3299ef9335d2e8866bafaf1f19d071-3001399026913431957.jpg,"[{'image': 'https://cdn.chotot.com/iDQoCse7hNvFaYVPNnz2pupiWQjmVZOutKLTZ-vnebQ/preset:view/plain/aa3299ef9335d2e8866bafaf1f19d071-3001399026913431957.jpg', 'thumbnail': 'https://cdn.chotot.com/djynDu9BDY0iNU1ge8rydFbSzGJHunNRWlhDDIytuuk/preset:listing/plain/aa3299ef9335d2e8866bafaf1f19d071-3001399026913431957.jpg'}, {'image': 'https://cdn.chotot.com/iUtydbUAKwc6fpLlDbJf3263c512JlP3H3c8r97JPdM/preset:view/plain/4002bb895e4db3a0373459cff77b262a-3001399026994186932.jpg', 'thumbnail': 'https://cdn.chotot.com/p69BdkVS5bL8dA7d-e9ADc5c_j7cOqmkUsHbAjFQjXc/preset:listing/plain/4002bb895e4db3a0373459cff77b262a-3001399026994186932.jpg'}, {'image': 'https://cdn.chotot.com/b_LWvTCXvUN1l7Po8sUVO4muyN2Kh2DoDAV2eG-CsYM/preset:view/plain/ec9369f2fec4808fcdd19ea280916b91-3001399027897072802.jpg', 'thumbnail': 'https://cdn.chotot.com/wNDZ5lQPbUrs4tzx4cyHAU1wUrTgEwXwC2VFLViCMrs/preset:listing/plain/ec9369f2fec4808fcdd19ea280916b91-3001399027897072802.jpg'}, {'image': 'https://cdn.chotot.com/phqGvxtHzNeXf2-EoVZb9VbUJlUWEEGQ40RnrGWaLDY/preset:view/plain/8570fd741a27b6f121b644e730804f15-3001399027437206724.jpg', 'thumbnail': 'https://cdn.chotot.com/fdcJ34kqjKkujAmqE8x3QSRZPkhJbUEjYiJvRswBO6k/preset:listing/plain/8570fd741a27b6f121b644e730804f15-3001399027437206724.jpg'}]","['https://cdn.chotot.com/iDQoCse7hNvFaYVPNnz2pupiWQjmVZOutKLTZ-vnebQ/preset:view/plain/aa3299ef9335d2e8866bafaf1f19d071-3001399026913431957.jpg', 'https://cdn.chotot.com/iUtydbUAKwc6fpLlDbJf3263c512JlP3H3c8r97JPdM/preset:view/plain/4002bb895e4db3a0373459cff77b262a-3001399026994186932.jpg', 'https://cdn.chotot.com/b_LWvTCXvUN1l7Po8sUVO4muyN2Kh2DoDAV2eG-CsYM/preset:view/plain/ec9369f2fec4808fcdd19ea280916b91-3001399027897072802.jpg', 'https://cdn.chotot.com/phqGvxtHzNeXf2-EoVZb9VbUJlUWEEGQ40RnrGWaLDY/preset:view/plain/8570fd741a27b6f121b644e730804f15-3001399027437206724.jpg']",[],True,False,False,False,False,0,[],10.794064,134607406,1788973405000,"10.7940635,106.6092712",osm:W408209656,106.60927,4,,[],3700000,0.123333335,"3,7 triệu/tháng",True,[],0,https://cdn.chotot.com/admincentre/location/10x794863_106x610071_c.jpg,0.0008,https://cdn.chotot.com/admincentre/location/10x794863_106x610071_c_v2.jpg,,13,Tp Hồ Chí Minh,TP Hồ Chí Minh,13000,"{'avatar': 'https://cdn.chotot.com/uac2/27217644', 'full_name': 'Hiếu Home', 'live_ads': 19, 'sold_ads': 1}",30,m²,[],[],accepted,active,0,Đường Tân Kỳ Tân Quý,0.0,CHO THUÊ PHÒNG GÁC CÓ BAN CÔNG THOÁNG | FULL NỘI THẤT CÓ THANG MÁY,https://cdn.chotot.com/djynDu9BDY0iNU1ge8rydFbSzGJHunNRWlhDDIytuuk/preset:listing/plain/aa3299ef9335d2e8866bafaf1f19d071-3001399026913431957.jpg,u,b4f396651fb7e4f950c91a2e1f1a2f59,[],9456,Phường Bình Hưng Hòa,Phường Bình Hưng Hòa,https://cdn.chotot.com/bhz1Uwh4toHVHh5jQIsLMNQlsT8wHzXcJ3X_IOSwbK4/preset:listing/plain/aa3299ef9335d2e8866bafaf1f19d071-3001399026913431957.webp,True,2000000.0,,,,,1.0,,,5.0,5.0,2.0,2.0,2.0,,
18396768,Châu Bùi,58191488afad0fe26574ca29e9036561,[],178644822,[],96,Quận 1,13096,https://cdn.chotot.com/uac2/18396768,"Dự án: 
Thông tin chi tiết: Cho thuê phòng Quận 1-  
 -Mình là chủ nhà nên có thể hỗ trợ giảm cọc 1 .
- Phòng sạch, thoáng, sàn gỗ, đầy đủ giường nệm, tủ, máy lạnh, tủ lạnh riêng , ko bếp có thể nấu ăn nhỏ .
- WC dùng chung với mình , sạch sẽ Nam nữ đều được, mình dễ tính khu yên tĩnh, an ninh, giờ giấc tự do .
& Liên hệ: 3tr9 . Địa chỉ 214/C67 Nguyễn Trãi Quận 1",[],1050,Phòng trọ,2,[],9 phút trước,"{'seo_structure': {'items': [{'id': 'size', 'label': 'Diện tích', 'value': '20 m²'}]}}",[],Châu Bùi,https://cdn.chotot.com/IIMXa6CQlWBHrW2SnjeCmQ-MoFcCRjBVuD6dpxc_T04/preset:listing/plain/c66fd4283d04f90b9b9ddb62c5a09c42-3001180447547477054.jpg,"[{'image': 'https://cdn.chotot.com/f5EqDFeKO6_7gUv4z0JWrwqiRFEmD8niX6ADPrISw7I/preset:view/plain/c66fd4283d04f90b9b9ddb62c5a09c42-3001180447547477054.jpg', 'thumbnail': 'https://cdn.chotot.com/IIMXa6CQlWBHrW2SnjeCmQ-MoFcCRjBVuD6dpxc_T04/preset:listing/plain/c66fd4283d04f90b9b9ddb62c5a09c42-3001180447547477054.jpg'}, {'image': 'https://cdn.chotot.com/9invBS986TQ_UotxZ13kYxU72o1lzrLfYLW1Q9jtxYY/preset:view/plain/65d66eaaf76fa97bf5ef8568cdf61690-3001180446915998463.jpg', 'thumbnail': 'https://cdn.chotot.com/mhg-TpLRKewpCmCSJcP7UZS3kiaQeb9GF-H-AlZiwpE/preset:listing/plain/65d66eaaf76fa97bf5ef8568cdf61690-3001180446915998463.jpg'}, {'image': 'https://cdn.chotot.com/3IRMzG5j8eatb01z0OU6TLLR7XpvyyUwrxT47StedAY/preset:view/plain/2bce25f5e0f31613ecf4783f1a499d8a-3001182841783181272.jpg', 'thumbnail': 'https://cdn.chotot.com/SjYzmAObBbl68V6B3vqSn5arn1gwT_LDeyzMZ1Y0KbM/preset:listing/plain/2bce25f5e0f31613ecf4783f1a499d8a-3001182841783181272.jpg'}]","['https://cdn.chotot.com/f5EqDFeKO6_7gUv4z0JWrwqiRFEmD8niX6ADPrISw7I/preset:view/plain/c66fd4283d04f90b9b9ddb62c5a09c42-3001180447547477054.jpg', 'https://cdn.chotot.com/9invBS986TQ_UotxZ13kYxU72o1lzrLfYLW1Q9jtxYY/preset:view/plain/65d66eaaf76fa97bf5ef8568cdf61690-3001180446915998463.jpg', 'https://cdn.chotot.com/3IRMzG5j8eatb01z0OU6TLLR7XpvyyUwrxT47StedAY/preset:view/plain/2bce25f5e0f31613ecf4783f1a499d8a-3001182841783181272.jpg']",[],,False,False,False,True,0,[],10.765545,134577664,1788973400158,"10.7655446,106.6961914",,106.69619,3,1788844961000.0,[],3900000,0.195,"3,9 triệu/tháng",False,[],0,https://cdn.chotot.com/admincentre/location/10x7655446_106x6961914.jpg,0.0008,https://cdn.chotot.com/admincentre/location/10x7655446_106x6961914_v2.jpg,,13,Tp Hồ Chí Minh,TP Hồ Chí Minh,13000,"{'avatar': 'https://cdn.chotot.com/uac2/18396768', 'full_name': 'Châu Bùi', 'live_ads': 1, 'sold_ads': 6}",20,m²,"['https://cdn.chotot.com/9invBS986TQ_UotxZ13kYxU72o1lzrLfYLW1Q9jtxYY/preset:view/plain/65d66eaaf76fa97bf5ef8568cdf61690-3001180446915998463.jpg', 'https://cdn.chotot.com/3IRMzG5j8eatb01z0OU6TLLR7XpvyyUwrxT47StedAY/preset:view/plain/2bce25f5e0f31613ecf4783f1a499d8a-3001182841783181272.jpg']",[],accepted,active,0,214/C67,1.0,Thuê Phòng Quận 1 Nguyễn Trãi gần quán Ốc Đào,https://cdn.chotot.com/IIMXa6CQlWBHrW2SnjeCmQ-MoFcCRjBVuD6dpxc_T04/preset:listing/plain/c66fd4283d04f90b9b9ddb62c5a09c42-3001180447547477054.jpg,u,,[],9223,Phường Cầu Ông Lãnh,Phường Cầu Ông Lãnh,https://cdn.chotot.com/YI4A4fh65HPuJOK53wsC08egI6PVkV1wKzM3ZPhr0Fc/preset:listing/plain/c66fd4283d04f90b9b9ddb62c5a09c42-3001180447547477054.webp,,3500000.0,,,,,6.0,special_display,,,,,,,True,True
17846490,Trọng Nghĩa,e7b25cf236dc8ab4f59055fae4eac51f,[],178680159,[],110,Quận Gò Vấp,13110,https://cdn.chotot.com/uac2/17846490,"Dự án: 
Thông tin chi tiết: Phòng có gác cửa sổ trời Full nội thất

- Công khai: 4tr5/tháng

Nội thất gồm: máy lạnh, tủ lạnh, tủ quần áo, bộ bàn ăn, kệ bếp...

🏡Địa chỉ: 376 Lê Văn Thọ, Thông Tây Hội, Gò Vấp
+ Tiện di chuyễn qua: các trường Đại Học IUH, VLU 5-10phút Lê Đức Thọ, Lotte Nguyễn Văn Lượng, Phan Văn Trị, Nguyễn Văn Lượng, Thống Nhất, Nguyễn Oanh, Lê Văn Thọ, Quang Trung, Nguyễn Văn Khối, Dương Quảng Hàm, Phạm Văn Chiêu, Lê Đức Thọ, Thống Nhất, Phan Huy Ích, Tân Sơn, KDC Cityland…

+ Nhà thang máy
+ Đường ô tô
+ Giờ giấc tự do
+ Ra vào vân tay
+ Không chung chủ

☎️ Liên hệ sdt/zalo bên dưới",[],1050,Phòng trọ,2,[],13 phút trước,"{'seo_structure': {'items': [{'id': 'size', 'label': 'Diện tích', 'value': '30 m²'}, {'id': 'furnishing_rent', 'label': 'Tình trạng nội thất', 'value': 'Nội thất đầy đủ'}]}}",[],Trọng Nghĩa,https://cdn.chotot.com/SDTZGa1iZ7Lc9pM4jAFFeuo5lJMehxDzkHAJiBCyjJY/preset:listing/plain/edf5a48fb91b9e1cf678eaa1d5cfb28f-3001398680532611694.jpg,"[{'image': 'https://cdn.chotot.com/6RELUKLJ36fGZNxB6vdq64UF0vc6RL-khCaIjImoEeE/preset:view/plain/edf5a48fb91b9e1cf678eaa1d5cfb28f-3001398680532611694.jpg', 'thumbnail': 'https://cdn.chotot.com/SDTZGa1iZ7Lc9pM4jAFFeuo5lJMehxDzkHAJiBCyjJY/preset:listing/plain/edf5a48fb91b9e1cf678eaa1d5cfb28f-3001398680532611694.jpg'}, {'image': 'https://cdn.chotot.com/p0kyM8sgVAJOyl8aL6KuPCssmgIjhJrzgtWaHQuDvQc/preset:view/plain/7ceca43a9fcabcb0a343be95772c3ac1-3001398681196563124.jpg', 'thumbnail': 'https://cdn.chotot.com/BpUhdyMPGSwg4KIQZ_n1beQp-OBSuUppJCZoaCJLjww/preset:listing/plain/7ceca43a9fcabcb0a343be95772c3ac1-3001398681196563124.jpg'}, {'image': 'https://cdn.chotot.com/yNWhey3aQcEf4JyURo2le5dGFqlTEih4Rxov2aWN_yM/preset:view/plain/316184eb46812328a5de7839184ad289-3001398681406471364.jpg', 'thumbnail': 'https://cdn.chotot.com/NxLZFLXJRdLcXwvxTL03P2h3MYDluMHm7fL-aqfj-3I/preset:listing/plain/316184eb46812328a5de7839184ad289-3001398681406471364.jpg'}, {'image': 'https://cdn.chotot.com/cJ39pmO7HYzyzUVaqgFcHTl98PZhypXiEbDGfzFK-DI/preset:view/plain/4082a4c4e101e732077c5244bd1f4e34-3001398681866957598.jpg', 'thumbnail': 'https://cdn.chotot.com/5FnbFBFMZfALKdiqnd_QUtYRPT_TZa4iuSbNBuwWd3A/preset:listing/plain/4082a4c4e101e732077c5244bd1f4e34-3001398681866957598.jpg'}]","['https://cdn.chotot.com/6RELUKLJ36fGZNxB6vdq64UF0vc6RL-khCaIjImoEeE/preset:view/plain/edf5a48fb91b9e1cf678eaa1d5cfb28f-3001398680532611694.jpg', 'https://cdn.chotot.com/p0kyM8sgVAJOyl8aL6KuPCssmgIjhJrzgtWaHQuDvQc/preset:view/plain/7ceca43a9fcabcb0a343be95772c3ac1-3001398681196563124.jpg', 'https://cdn.chotot.com/yNWhey3aQcEf4JyURo2le5dGFqlTEih4Rxov2aWN_yM/preset:view/plain/316184eb46812328a5de7839184ad289-3001398681406471364.jpg', 'https://cdn.chotot.com/cJ39pmO7HYzyzUVaqgFcHTl98PZhypXiEbDGfzFK-DI/preset:view/plain/4082a4c4e101e732077c5244bd1f4e34-3001398681866957598.jpg', 'https://cdn.chotot.com/KFJmhxO704lwj5i9Fx_lgJBXE3WcUus2-lRMc-MQKKo/preset:view/plain/608d7edca3a727242d3ce08fac43846a-3001398683186439976.jpg', 'https://cdn.chotot.com/FxRydrUDsUD8aI6Glve-P6sGG2x9j3kknG4zx49q9wA/preset:view/plain/1011f8a263303661c396fe60a9c4ba65-3001398684693557870.jpg', 'https://cdn.chotot.com/1IjIbJStVp_CojPDk6FR5X1ysxAhJ4l15gRSXer6xYU/preset:view/plain/a24aca9a16998c58a2d4a35ca197e2af-3001398683386893904.jpg', 'https://cdn.chotot.com/bxsKADN3RZT6bXtKQwjxWkdbqP6QEH1hzmqbVfwq0-8/preset:view/plain/d5e91ce603014abd8b5ef84e09d1342d-3001398683384869486.jpg', 'https://cdn.chotot.com/GETDuu-qhtL3-Pod1FIsUDlkV6rgSbi4Y04ghnjwRbg/preset:view/plain/dbddee273baed1bcfe674e0d8226ef06-3001398681928083240.jpg', 'https://cdn.chotot.com/nOJJRbUynwE0H0aCi35_FaUeA18bLij1G3XTHRHT30Q/preset:view/plain/83cf34be6ae3f2e187e889ef7086803f-3001398682799045828.jpg']",[],True,False,False,False,False,0,[],10.836427,134607393,1788973204000,"10.8364264,106.658344",osm:W599657816,106.65834,10,,[],4500000,0.15,"4,5 triệu/tháng",True,[],0,https://cdn.chotot.com/admincentre/location/10x8364264_106x658344.jpg,0.0008,https://cdn.chotot.com/admincentre/location/10x8364264_106x658344_v2.jpg,,13,Tp Hồ Chí Minh,TP Hồ Chí Minh,13000,"{'avatar': 'https://cdn.chotot.com/uac2/17846490', 'full_name': 'Trọng Nghĩa', 'live_ads': 28, 'sold_ads': 14}",30,m²,[],[],accepted,active,0,Đường Lê Văn Thọ,1.0,CHO THUÊ PHÒNG CỬA SỔ TRỜI FULL NỘI THẤT ĐƯỜNG LÊ VĂN THỌ - GÒ VẤP,https://cdn.chotot.com/SDTZGa1iZ7Lc9pM4jAFFeuo5lJMehxDzkHAJiBCyjJY/preset:listing/plain/edf5a48fb91b9e1cf678eaa1d5cfb28f-3001398680532611694.jpg,u,a89dd05e5ef98f3e5852cb4d3eeccf93,[],9277,Phường 11,Phường Thông Tây Hội,https://cdn.chotot.com/bWk0y3OlmQMTSl4UJWyaqYkV3-6Z4Fxfmn-jx0XI8Z4/preset:listing/plain/edf5a48fb91b9e1cf678eaa1d5cfb28f-3001398680532611694.webp,True,4500000.0,,,"{'address': 'Đường Phạm Văn Chiêu, Phường 16, Quận Gò Vấp, Thành phố Hồ Chí Minh, Việt Nam', 'alias': 'JNC8VBb8vhI2XTs', 'createdDate': '1763278371', 'modifiedDate': 1786545048, 'name': 'TrọngNghĩa', 'profileImageUrl': 'https://cdn.chotot.com/iJR94cFOrbiN0fl7JOPqfDxwvbeuyeLJa-y3YYXI6EU/preset:shopava/plain/8dd2306d06ca82d68d6fe5ded71332c7-2958289977401376619.jpg', 'service_type': 'membership', 'shopsCategoriesRelationships': [{'categoryId': 1000}], 'status': 'accepted', 'urls': [{'url': 'trongnghia'}], 'working_area_display': 'Quận 12,Quận Bình Thạnh,Quận Gò Vấp,Quận Tân Bình (Tp Hồ Chí Minh)'}",JNC8VBb8vhI2XTs,14.0,,376,5.0,5.0,2.0,8.0,6.0,,
25051644,Nguyễn Danh Thiên,86ff721703d578717389065fdb9a47c2,[],164627239,[],113,Quận Tân Phú,13113,https://cdn.chotot.com/uac2/25051644,"𝗦𝗜𝗘̂𝗨 𝗣𝗛𝗔̂̉𝗠 𝗕𝗔𝗡𝗖𝗢𝗟 𝗖𝗨̛̉𝗔 𝗦𝗢̂̉ 𝗧𝗥𝗢̛̀𝗜 𝗧𝗛𝗢𝗔́𝗡𝗚 𝗚𝗔̂̀𝗡 Đ𝗛 𝗩𝗔̆𝗡 𝗛𝗜𝗘̂́𝗡 - 𝗭𝗔́ 𝗖𝗛𝗜̉ 𝟯.𝗫𝗢𝗢.𝗢𝗢𝗢

𝗞𝗵𝘂𝗼̂𝗻𝗴 𝗩𝗶𝗲̣̂𝘁 - 𝗛𝗼𝗮̀ 𝗕𝗶̀𝗻𝗵 - 𝗧𝗼̂ 𝗛𝗶𝗲̣̂𝘂 - 𝗟𝘂𝘆̃ 𝗕𝗮́𝗻 𝗕𝗶́𝗰𝗵 - Kênh Tân Hoá

Đ𝗮̣̆𝗰 đ𝗶𝗲̂̉𝗺 𝗻𝗼̂̉𝗶 𝗯𝗮̣̂𝘁:

• giờ giấc tự do, kg chung chủ
• khoá vân tay, camera 24/7
• đạt tiêu chuẩn Pccc
• trang bị sẵn nội thất máy lạnh, tủ kệ bếp, tủ đồ,…
• ở được 3-4 người
• hỗ trợ giữ p qua tết

📞Call/Mes/Zalo:  Danh Thiên 

Nhanh tay nhắn tin để Thiên hỗ trợ tư vấn chi tiết, xem phòng , deal giá ***",[],1050,Phòng trọ,2,[],15 phút trước,"{'seo_structure': {'items': [{'id': 'size', 'label': 'Diện tích', 'value': '30 m²'}, {'id': 'furnishing_rent', 'label': 'Tình trạng nội thất', 'value': 'Nội thất đầy đủ'}]}}",[],Nguyễn Danh Thiên,https://cdn.chotot.com/JZ9k4bRq-3qMP3e6fcrnzwvLvXLH3xTEAF6YEQsI5q4/preset:listing/plain/2099a1960272244c72966728b2ce3669-2915073972591242676.jpg,"[{'image': 'https://cdn.chotot.com/h9izz4yMgc8VAIjyz49uDblPqylZgnAfNmahiCnyp7k/preset:view/plain/2099a1960272244c72966728b2ce3669-2915073972591242676.jpg', 'thumbnail': 'https://cdn.chotot.com/JZ9k4bRq-3qMP3e6fcrnzwvLvXLH3xTEAF6YEQsI5q4/preset:listing/plain/2099a1960272244c72966728b2ce3669-2915073972591242676.jpg'}, {'image': 'https://cdn.chotot.com/9ToQISKm4gJ4XBhjw6at3IcXJgxQCMOj2Fou4MrYt9A/preset:view/plain/098d666cf6057ec49c0e7a27f7d5c217-2915073972632749592.jpg', 'thumbnail': 'https://cdn.chotot.com/kREsPthjgcitCZ5oO0uh5yN_UhoT3x1MUDk16DfnB1M/preset:listing/plain/098d666cf6057ec49c0e7a27f7d5c217-2915073972632749592.jpg'}, {'image': 'https://cdn.chotot.com/XZC6SEEAX50uG7FfkhNk9NZGk_XycpcUXjvRJnkHaVo/preset:view/plain/85832aebcb69d7361378784535a3e810-2915073972700285718.jpg', 'thumbnail': 'https://cdn.chotot.com/COyY7nEgpZusyIDnMoPb0goVnauzLgWnJTS6M2bVfiU/preset:listing/plain/85832aebcb69d7361378784535a3e810-2915073972700285718.jpg'}, {'image': 'https://cdn.chotot.com/5cCqF_9sbAJf1CuEeYUBwRzDwHQtllGgphbHYfsD17g/preset:view/plain/01bc7d7410523fdd999cbedf462bbb36-2915073972727069288.jpg', 'thumbnail': 'https://cdn.chotot.com/0NxBLIxNsivkfNgIrkhzZTOu1jNbap9TFFVxEU6-PbU/preset:listing/plain/01bc7d7410523fdd999cbedf462bbb36-2915073972727069288.jpg'}]","['https://cdn.chotot.com/h9izz4yMgc8VAIjyz49uDblPqylZgnAfNmahiCnyp7k/preset:view/plain/2099a1960272244c72966728b2ce3669-2915073972591242676.jpg', 'https://cdn.chotot.com/9ToQISKm4gJ4XBhjw6at3IcXJgxQCMOj2Fou4MrYt9A/preset:view/plain/098d666cf6057ec49c0e7a27f7d5c217-2915073972632749592.jpg', 'https://cdn.chotot.com/XZC6SEEAX50uG7FfkhNk9NZGk_XycpcUXjvRJnkHaVo/preset:view/plain/85832aebcb69d7361378784535a3e810-2915073972700285718.jpg', 'https://cdn.chotot.com/5cCqF_9sbAJf1CuEeYUBwRzDwHQtllGgphbHYfsD17g/preset:view/plain/01bc7d7410523fdd999cbedf462bbb36-2915073972727069288.jpg', 'https://cdn.chotot.com/ijIUNXJMLGw9h4GY5rNM74oE6SnRVO08VQFYZIDqNiw/preset:view/plain/33fc464d847f34cb6e21b92b4f25a961-2915073972707599503.jpg']",[],True,False,False,False,False,0,[],10.769687,122503888,1788973043103,"10.7696869,106.6355541",osm:W717721498,106.63555,5,1788622454000.0,[],3900000,0.13,"3,9 triệu/tháng",False,[],0,https://cdn.chotot.com/admincentre/location/10x770487_106x636354_c.jpg,0.0008,https://cdn.chotot.com/admincentre/location/10x770487_106x636354_c_v2.jpg,,13,Tp Hồ Chí Minh,TP Hồ Chí Minh,13000,"{'avatar': 'https://cdn.chotot.com/uac2/25051644', 'full_name': 'Nguyễn Danh Thiên', 'live_ads': 22, 'sold_ads': 30}",30,m²,[],[],accepted,active,0,Đường Kênh Tân Hóa,,"SIÊU PHẨM BANCOL CỬA SỔ TRỜI THOÁNG_ĐH VĂN HIẾN_KÊNH TÂN HOÁ, TÂN PHÚ",https://cdn.chotot.com/JZ9k4bRq-3qMP3e6fcrnzwvLvXLH3xTEAF6YEQsI5q4/preset:listing/plain/2099a1960272244c72966728b2ce3669-2915073972591242676.jpg,u,d1aff96eadc65df298423a626d2d41fa,[],9322,Phường Hòa Thạnh,Phường Tân Phú,https://cdn.chotot.com/MOjqwUR01UJc0cTdOK6Y-ek7wg0ZijceeiCrerDPftY/preset:listing/plain/2099a1960272244c72966728b2ce3669-2915073972591242676.webp,True,3900000.0,,,"{'address': 'Đường Gò Dầu, Phường Tân Quý, Quận Tân Phú, Thành phố Hồ Chí Minh, Việt Nam', 'alias': 'U93RYHr0CWnHO5Y', 'createdDate': '1762507130', 'modifiedDate': 1788617764, 'name': 'Trai Trẻ Có Phòng Rẻ', 'profileImageUrl': 'https://cdn.chotot.com/QVpCwRRF4z_E_HByZAXf_zKgPwVz0gtkf4RA8ciKO6s/preset:shopava/plain/9cf17e9fb5b1bf54edac5fa7d93e244b-2956995311097709436.jpg', 'service_type': 'membership', 'shopsCategoriesRelationships': [{'categoryId': 1000}], 'status': 'accepted', 'urls': [{'url': 'traitrecophongre'}], 'working_area_display': 'Quận 11,Quận Bình Tân,Quận Tân Bình,Quận Tân Phú (Tp Hồ Chí Minh)'}",U93RYHr0CWnHO5Y,30.0,,,,,2.0,,,,
17846490,Trọng Nghĩa,e7b25cf236dc8ab4f59055fae4eac51f,[],178657672,[],110,Quận Gò Vấp,13110,https://cdn.chotot.com/uac2/17846490,"Dự án: 
Thông tin chi tiết: Dự án: 
Thông tin chi tiết: 1 PHÒNG NGỦ TÁCH BẾP BAN CÔNG FULL NỘI THẤT

- Công khai: 4tr5/tháng

Nội thất gồm: máy lạnh, tủ lạnh, giường nệm, tủ quần áo, kệ bếp...

🏡Địa chỉ: 185 Phạm Văn Văn Chiêu, An Hội Tây, Gò Vấp.
+ Tiện di chuyễn qua: các trường Đại Học IUH, VLU 5-10phút Lê Đức Thọ, Lotte Nguyễn Văn Lượng, Phan Văn Trị, Nguyễn Văn Lượng, Thống Nhất, Nguyễn Oanh, Lê Văn Thọ, Quang Trung, Nguyễn Văn Khối, Dương Quảng Hàm, Phạm Văn Chiêu, Lê Đức Thọ, Thống Nhất, Phan Huy Ích, Tân Sơn, KDC Cityland…

+ Đường ô tô
+ Giờ giấc tự do
+ Ra vào vân tay
+ Không chung chủ

☎️Liên hệ sdt/zalo bên dưới",[],1050,Phòng trọ,1,[],19 phút trước,"{'seo_structure': {'items': [{'id': 'size', 'label': 'Diện tích', 'value': '25 m²'}, {'id': 'furnishing_rent', 'label': 'Tình trạng nội thất', 'value': 'Nội thất đầy đủ'}]}}",[],Trọng Nghĩa,https://cdn.chotot.com/4SSdg_0l3ZwpaI9MDqeljmR-IyuHfR-K-zP9u2roalk/preset:listing/plain/3d9a95e5ed1670e85d51da5b33e32c48-3001223454651163670.jpg,"[{'image': 'https://cdn.chotot.com/NhfmjLqvxN3AFa5p656t_qvnum4upsT0Zc7iXev_Xm0/preset:view/plain/3d9a95e5ed1670e85d51da5b33e32c48-3001223454651163670.jpg', 'thumbnail': 'https://cdn.chotot.com/4SSdg_0l3ZwpaI9MDqeljmR-IyuHfR-K-zP9u2roalk/preset:listing/plain/3d9a95e5ed1670e85d51da5b33e32c48-3001223454651163670.jpg'}, {'image': 'https://cdn.chotot.com/7shMoYJxW3guYcxceO9sjkGsc5aD90LYfBt_1fE4qpI/preset:view/plain/8db3d3b4c213154feda4fffeb3be9ff4-3001223450207668278.jpg', 'thumbnail': 'https://cdn.chotot.com/cuxS_nuBylS29FBDcm9lPrG4GctJFT_RNA2vlBslqcw/preset:listing/plain/8db3d3b4c213154feda4fffeb3be9ff4-3001223450207668278.jpg'}, {'image': 'https://cdn.chotot.com/QwaxKve_L-sHNzUZH5Y5SXw-KTzUmsx_FmYeonKRDTQ/preset:view/plain/2e21697cf2f5708fd893fb91e61302df-3001223455989703087.jpg', 'thumbnail': 'https://cdn.chotot.com/5q52K9JnpY8kfttlHuIvTfnDqTjpOvPR_n9dugyoOgc/preset:listing/plain/2e21697cf2f5708fd893fb91e61302df-3001223455989703087.jpg'}, {'image': 'https://cdn.chotot.com/F5kmzYucnlroQ3i4TvgT-jxcgHG3vcaj9tyxXvGukhE/preset:view/plain/79b41615b59008528881715e698c3e75-3001223457767579955.jpg', 'thumbnail': 'https://cdn.chotot.com/HK9lYdpCGo64SjUb40hi4aB2WkYJO2HupXkMXINoLqw/preset:listing/plain/79b41615b59008528881715e698c3e75-3001223457767579955.jpg'}]","['https://cdn.chotot.com/NhfmjLqvxN3AFa5p656t_qvnum4upsT0Zc7iXev_Xm0/preset:view/plain/3d9a95e5ed1670e85d51da5b33e32c48-3001223454651163670.jpg', 'https://cdn.chotot.com/7shMoYJxW3guYcxceO9sjkGsc5aD90LYfBt_1fE4qpI/preset:view/plain/8db3d3b4c213154feda4fffeb3be9ff4-3001223450207668278.jpg', 'https://cdn.chotot.com/QwaxKve_L-sHNzUZH5Y5SXw-KTzUmsx_FmYeonKRDTQ/preset:view/plain/2e21697cf2f5708fd893fb91e61302df-3001223455989703087.jpg', 'https://cdn.chotot.com/F5kmzYucnlroQ3i4TvgT-jxcgHG3vcaj9tyxXvGukhE/preset:view/plain/79b41615b59008528881715e698c3e75-3001223457767579955.jpg', 'https://cdn.chotot.com/HQgHz5FVYcpASqkm0w0giQIbz5Zyf-7xMRnUroJs-CI/preset:view/plain/9637fafa748e4c02222e17fdafb400f1-3001223455332988576.jpg', 'https://cdn.chotot.com/636hNJEVfYa1nOWsTwZ7lvck7hBvV1gyj1uK7GqXV48/preset:view/plain/b4a4962a1903563268112acf2ce26656-3001223455495244794.jpg', 'https://cdn.chotot.com/sshUcHUOp9-h1Pygo_N7CJWt0LN4An-7RQAV2_3BPuI/preset:view/plain/922ea27ef2a874533b2cb0ccc1d03221-3001223456592316600.jpg', 'https://cdn.chotot.com/nQ9e2eIIEWhALMnRh0IwWtmgEN0FP6oapfMhoup5bOE/preset:view/plain/2e437376fc7568fd49dd3e5c3863d925-3001223457210941062.jpg', 'https://cdn.chotot.com/T-AEpksnc4J6ah4RFAKsyyLZkSTfZMEs2-szkVGNtJg/preset:view/plain/94dd5b8f25d63afc2c11b9caa763959a-3001223457470161572.jpg', 'https://cdn.chotot.com/Vv4kYJT9DnbDxIDrSoYKw3mqz00cw51IWcNpSyOGUF4/preset:view/plain/c0035f80f0487f5f326447d7ab09fe11-3001223448169812510.jpg']",[],,False,False,False,False,0,[],10.850746,134588337,1788972821846,"10.8507461,106.645341",,106.64534,10,1788883359000.0,[],4500000,0.18,"4,5 triệu/tháng",True,[],0,https://cdn.chotot.com/admincentre/location/10x8507461_106x645341.jpg,0.0008,https://cdn.chotot.com/admincentre/location/10x8507461_106x645341_v2.jpg,,13,Tp Hồ Chí Minh,TP Hồ Chí Minh,13000,"{'avatar': 'https://cdn.chotot.com/uac2/17846490', 'full_name': 'Trọng Nghĩa', 'live_ads': 28, 'sold_ads': 14}",25,m²,[],[],accepted,active,0,Phạm Văn Chiêu,1.0,CHO THUÊ PHÒNG BAN CÔNG TÁCH BẾP FULL NỘI THẤT ĐƯỜNG PHẠM VĂN CHIÊU,https://cdn.chotot.com/4SSdg_0l3ZwpaI9MDqeljmR-IyuHfR-K-zP9u2roalk/preset:listing/plain/3d9a95e5ed1670e85d51da5b33e32c48-3001223454651163670.jpg,u,,"[{'gif_url': 'https://videodelivery.net/5a6b2c770ebccb07efaa6a86bff05870/thumbnails/thumbnail.gif?width=144&height=216&duration=3s&fps=15&fit=crop', 'id': '5a6b2c770ebccb07efaa6a86bff05870', 'thumbnail': 'https://videodelivery.net/5a6b2c770ebccb07efaa6a86bff05870/thumbnails/thumbnail.jpg', 'url': 'https://videodelivery.net/5a6b2c770ebccb07efaa6a86bff05870/manifest/video.m3u8'}]",9269,Phường 14,Phường An Hội Tây,https://cdn.chotot.com/jSSJYqpT3CemFisR933M71mHREVwmm64F0o0o-HxME4/preset:listing/plain/3d9a95e5ed1670e85d51da5b33e32c48-3001223454651163670.webp,True,4500000.0,True,False,"{'address': 'Đường Phạm Văn Chiêu, Phường 16, Quận Gò Vấp, Thành phố Hồ Chí Minh, Việt Nam', 'alias': 'JNC8VBb8vhI2XTs', 'createdDate': '1763278371', 'modifiedDate': 1786545048, 'name': 'TrọngNghĩa', 'profileImageUrl': 'https://cdn.chotot.com/iJR94cFOrbiN0fl7JOPqfDxwvbeuyeLJa-y3YYXI6EU/preset:shopava/plain/8dd2306d06ca82d68d6fe5ded71332c7-2958289977401376619.jpg', 'service_type': 'membership', 'shopsCategoriesRelationships': [{'categoryId': 1000}], 'status': 'accepted', 'urls': [{'url': 'trongnghia'}], 'working_area_display': 'Quận 12,Quận Bình Thạnh,Quận Gò Vấp,Quận Tân Bình (Tp Hồ Chí Minh)'}",JNC8VBb8vhI2XTs,14.0,,185,5.0,5.0,2.0,8.0,6.0,,
29952318,Pong póng Công chúa,b98c8090c0f754074b5a514d77d91a82,[],178680101,[],27,Quận Bình Thuỷ,502703,https://cdn.chotot.com/uac2/29952318,"Dự án: 
Thông tin chi tiết: Mình cần pass phòng giá 2tr2 ac bạn bè nào có nhu cầu liên hệ em ạ. Trọ hợp đồng còn 5 tháng cọc lại giúp mình và đóng tiền đầu tháng là dọn vào ở ạ. Điện 4k. Nước theo đầu người 70k ( sử dụng máy giặt thoải mái). Có máy lạnh.
✅ Phòng mới, mát mẻ, có vườn sau
✅ Ít phòng, không ồn ào. An ninh tốt
✅ Cho nuôi thú cưng
Ai có nhu cầu ibox mình ạ. Sau lưng fpt, khu vực Bình Thường B, phường Long Tuyền",[],1050,Phòng trọ,1,[],22 phút trước,"{'seo_structure': {'items': [{'id': 'size', 'label': 'Diện tích', 'value': '40 m²'}, {'id': 'furnishing_rent', 'label': 'Tình trạng nội thất', 'value': 'Nội thất đầy đủ'}]}}",[],Pong póng Công chúa,https://cdn.chotot.com/-pRzwYq2CL2eX-bzUakTyuiXRpCaTg5cnoAvoi83lD8/preset:listing/plain/2dc81cb78c0fd3f04c37f800bac12bd5-3001397765647026064.jpg,"[{'image': 'https://cdn.chotot.com/jL0ma8twHwh1TitFTzPcv-rug2JvyoVXWCdXGPr1ajY/preset:view/plain/2dc81cb78c0fd3f04c37f800bac12bd5-3001397765647026064.jpg', 'thumbnail': 'https://cdn.chotot.com/-pRzwYq2CL2eX-bzUakTyuiXRpCaTg5cnoAvoi83lD8/preset:listing/plain/2dc81cb78c0fd3f04c37f800bac12bd5-3001397765647026064.jpg'}, {'image': 'https://cdn.chotot.com/DFtJPq0g5aHxHBsuAawD8R8goFon22aNtb1NOKvRktI/preset:view/plain/49dfac7f102715109e32868717f16947-3001397765462880878.jpg', 'thumbnail': 'https://cdn.chotot.com/a8nPm8D7Hb-oLfUIjbQozgWBJrYLoXVALba1Eq7uqg8/preset:listing/plain/49dfac7f102715109e32868717f16947-3001397765462880878.jpg'}, {'image': 'https://cdn.chotot.com/m6_CZykukqWOqpInbrIjs8M2oadmwiI3trq4JZfciok/preset:view/plain/2b0248f07b88bd75c006f1348d2b9eb7-3001397765572397748.jpg', 'thumbnail': 'https://cdn.chotot.com/XBu0YvTTpjVKm5Fw6vQSqUpB_oLn11TEyoCPl7-iAIo/preset:listing/plain/2b0248f07b88bd75c006f1348d2b9eb7-3001397765572397748.jpg'}, {'image': 'https://cdn.chotot.com/huU0ZSaxnbULtcuYhCssymXoDQf9FaIH0ynkh4S8_Ak/preset:view/plain/ac07ecd2d70a93a2da4454542bd99dc0-3001397765892391011.jpg', 'thumbnail': 'https://cdn.chotot.com/nsf1N9t1fbd-zmWu88SS1uxmsxFIxdIAL9diIA0ugzg/preset:listing/plain/ac07ecd2d70a93a2da4454542bd99dc0-3001397765892391011.jpg'}]","['https://cdn.chotot.com/jL0ma8twHwh1TitFTzPcv-rug2JvyoVXWCdXGPr1ajY/preset:view/plain/2dc81cb78c0fd3f04c37f800bac12bd5-3001397765647026064.jpg', 'https://cdn.chotot.com/DFtJPq0g5aHxHBsuAawD8R8goFon22aNtb1NOKvRktI/preset:view/plain/49dfac7f102715109e32868717f16947-3001397765462880878.jpg', 'https://cdn.chotot.com/m6_CZykukqWOqpInbrIjs8M2oadmwiI3trq4JZfciok/preset:view/plain/2b0248f07b88bd75c006f1348d2b9eb7-3001397765572397748.jpg', 'https://cdn.chotot.com/huU0ZSaxnbULtcuYhCssymXoDQf9FaIH0ynkh4S8_Ak/preset:view/plain/ac07ecd2d70a93a2da4454542bd99dc0-3001397765892391011.jpg', 'https://cdn.chotot.com/ZjLkBKLsAO_xbpE51Km--oQZBLtY2FvwySZBthWBs2Q/preset:view/plain/e5af8018ef8b0df16f50f0387a6b9e5a-3001397765586484420.jpg']",[],True,False,False,False,False,0,[],10.018674,134607339,1788972671000,"10.0186737,105.7397763",osm:W952995129,105.73978,5,,[],2200000,0.055,"2,2 triệu/tháng",False,[],0,https://cdn.chotot.com/admincentre/location/10x019474_105x740576_c.jpg,0.0008,https://cdn.chotot.com/admincentre/location/10x019474_105x740576_c_v2.jpg,,5,Cần Thơ,TP Cần Thơ,5027,"{'avatar': 'https://cdn.chotot.com/uac2/29952318', 'full_name': 'Pong póng Công chúa', 'live_ads': 1}",40,m²,[],[],accepted,active,0,Đường Nguyễn Văn Cừ,0.0,Mình cần pass phòng giá 2tr2 ac bạn bè nào có nhu cầu liên hệ em ạ. Tr,https://cdn.chotot.com/-pRzwYq2CL2eX-bzUakTyuiXRpCaTg5cnoAvoi83lD8/preset:listing/plain/2dc81cb78c0fd3f04c37f800bac12bd5-3001397765647026064.jpg,u,4dcd01cd8e11f930b4ff70be43e6a57c,"[{'gif_url': 'https://videodelivery.net/11ee0b05904dd82f856cd00fc0f21155/thumbnails/thumbnail.gif?width=144&height=216&duration=3s&fps=15&fit=crop', 'id': '11ee0b05904dd82f856cd00fc0f21155', 'thumbnail': 'https://videodelivery.net/11ee0b05904dd82f856cd00fc0f21155/thumbnails/thumbnail.jpg', 'url': 'https://videodelivery.net/11ee0b05904dd82f856cd00fc0f21155/manifest/video.m3u8'}]",10755,Phường Long Tuyền,Phường Long Tuyền,https://cdn.chotot.com/dwZAL1WyEi3v00oYueAi733Sr4aR-_Id1Nw0ycilS9g/preset:listing/plain/2dc81cb78c0fd3f04c37f800bac12bd5-3001397765647026064.webp,,2200000.0,True,,,,,,"khu vực bình thườnh B, sau lưng fpt",,,2.0,,,,
1630357,Nguyễn Hồng Sơn,ccf7e081f4d935adb1670852c9c39396,[],178680078,[],109,Quận Bình Thạnh,13109,https://cdn.chotot.com/uac2/1630357,"Dự án: 
Thông tin chi tiết: KHAI TRƯƠNG DỰ ÁN MỚI - DUPLEX BAN CÔNG TÁCH BẾP FULL NỘI THẤT NGAY ĐH VĂN LANG

📍111 Đặng Thùy Trâm, P.13, Bình Thạnh

💰GIÁ: 5.500.000đ - 5.800.000đ/tháng

- Trống sẵn ở được liền
- Full nội thất
- Ra vào vân tay, Không chung chủ, Giờ giấc tự do

📲 Call/Zalo: - Sơn (để được hỗ trợ tư vấn nhiệt tình và book lịch xem phòng miễn phí 24/7)",[],1050,Phòng trọ,1,[],26 phút trước,"{'seo_structure': {'items': [{'id': 'size', 'label': 'Diện tích', 'value': '30 m²'}, {'id': 'furnishing_rent', 'label': 'Tình trạng nội thất', 'value': 'Nội thất đầy đủ'}]}}",[],Nguyễn Hồng Sơn,https://cdn.chotot.com/Sx5wkxkQcd_eOeMAPSE--9x1vwHAg7J0WmLW0Wam-n4/preset:listing/plain/7fea9169b08cb3e4f615419694c28298-3001397528566887022.jpg,"[{'image': 'https://cdn.chotot.com/uM8oEx5egnLUJD5qn3IAnD77NbGyrn-Y1Or5Ih4XKkc/preset:view/plain/7fea9169b08cb3e4f615419694c28298-3001397528566887022.jpg', 'thumbnail': 'https://cdn.chotot.com/Sx5wkxkQcd_eOeMAPSE--9x1vwHAg7J0WmLW0Wam-n4/preset:listing/plain/7fea9169b08cb3e4f615419694c28298-3001397528566887022.jpg'}, {'image': 'https://cdn.chotot.com/mwqYrP3bL9FIyA-7s06a9wfhps5K1JobOA52q6SoNX0/preset:view/plain/dc03a01ca5d21b2b5e8ab83e2ec5b0d5-3001397528676207284.jpg', 'thumbnail': 'https://cdn.chotot.com/MAYTTEvjCFKqBLSJWXaNTWJlE8WEVnu8_jJwmQWyVwE/preset:listing/plain/dc03a01ca5d21b2b5e8ab83e2ec5b0d5-3001397528676207284.jpg'}, {'image': 'https://cdn.chotot.com/-rXH7zQioUeqdYpI_W0u-eRGj3CDJsH8nUYwYyscbPQ/preset:view/plain/a5533d29ddabe96c1520dcad2339498a-3001397528641469636.jpg', 'thumbnail': 'https://cdn.chotot.com/D3lnWMSYXSfH8pdCgPmGn7XFbHieQRgloZ3GeiS3UcM/preset:listing/plain/a5533d29ddabe96c1520dcad2339498a-3001397528641469636.jpg'}, {'image': 'https://cdn.chotot.com/xO8cdp7G3EeCsx7KtnrkSoRUUy84nasc_YRMIyoJf1w/preset:view/plain/482f90e371d162151a4a633efead7f3c-3001397528746049635.jpg', 'thumbnail': 'https://cdn.chotot.com/W6KSQs0lBYoMqAu5xsBAHuwRYuAuj6dVbwjoB6mM4zM/preset:listing/plain/482f90e371d162151a4a633efead7f3c-3001397528746049635.jpg'}]","['https://cdn.chotot.com/uM8oEx5egnLUJD5qn3IAnD77NbGyrn-Y1Or5Ih4XKkc/preset:view/plain/7fea9169b08cb3e4f615419694c28298-3001397528566887022.jpg', 'https://cdn.chotot.com/mwqYrP3bL9FIyA-7s06a9wfhps5K1JobOA52q6SoNX0/preset:view/plain/dc03a01ca5d21b2b5e8ab83e2ec5b0d5-3001397528676207284.jpg', 'https://cdn.chotot.com/-rXH7zQioUeqdYpI_W0u-eRGj3CDJsH8nUYwYyscbPQ/preset:view/plain/a5533d29ddabe96c1520dcad2339498a-3001397528641469636.jpg', 'https://cdn.chotot.com/xO8cdp7G3EeCsx7KtnrkSoRUUy84nasc_YRMIyoJf1w/preset:view/plain/482f90e371d162151a4a633efead7f3c-3001397528746049635.jpg', 'https://cdn.chotot.com/-ZbHwVaSe4LXvYvRsGI5Ef2nwLY2snVV2PNp6BN6loY/preset:view/plain/ed4946908ecda09d064e3c2c8c1a8df4-3001397528685496208.jpg', 'https://cdn.chotot.com/2zPDOEkhsSVIyDeHLQbg9ArNpk6jJd3cdGoSNlnEHNc/preset:view/plain/e878bd0908278d2c431605bc5a57fa4b-3001397528941351317.jpg', 'https://cdn.chotot.com/VAzJam_6oMkETI1i7VWDASg-jhwdqajZXyspGBOQ25k/preset:view/plain/8efc52999884b7bf2b576ea3b9453cca-3001397528829895087.jpg']",[],True,False,False,False,False,0,[],10.831158,134607321,1788972426000,"10.831158,106.702017",osm:W1235460612,106.70202,7,,[],5500000,0.18333334,"5,5 triệu/tháng",False,[],0,https://cdn.chotot.com/admincentre/location/10x831958_106x702817_c.jpg,0.0008,https://cdn.chotot.com/admincentre/location/10x831958_106x702817_c_v2.jpg,,13,Tp Hồ Chí Minh,TP Hồ Chí Minh,13000,"{'avatar': 'https://cdn.chotot.com/uac2/1630357', 'full_name': 'Nguyễn Hồng Sơn', 'live_ads': 16, 'sold_ads': 1}",30,m²,[],[],accepted,active,0,Đường Đặng Thùy Trâm,0.0,KHAI TRƯƠNG DỰ ÁN MỚI - DUPLEX BAN CÔNG TÁCH BẾP FULL NỘI THẤT NGAY ĐH,https://cdn.chotot.com/Sx5wkxkQcd_eOeMAPSE--9x1vwHAg7J0WmLW0Wam-n4/preset:listing/plain/7fea9169b08cb3e4f615419694c28298-3001397528566887022.jpg,u,73eeb17227402d8738f156361423b4c1,"[{'gif_url': 'https://videodelivery.net/a9ca7224e8ff89597843f0bb4015b046/thumbnails/thumbnail.gif?width=144&height=216&duration=3s&fps=15&fit=crop', 'id': 'a9ca7224e8ff89597843f0bb4015b046', 'thumbnail': 'https://videodelivery.net/a9ca7224e8ff89597843f0bb4015b046/thumbnails/thumbnail.jpg', 'url': 'https://videodelivery.net/a9ca7224e8ff89597843f0bb4015b046/manifest/video.m3u8'}]",9279,Phường 13,Phường Bình Lợi Trung,https://cdn.chotot.com/u7T06iEPKqOrvNxEAk3G7iD1LoGZgegjxgU5OVnskXI/preset:listing/plain/7fea9169b08cb3e4f615419694c28298-3001397528566887022.webp,True,,True,,,,1.0,,,,,2.0,,,,
30689801,Danh thù nhắn tin,fa337bc065ae2de0d057bbb34b24e3a9,[],178623282,[],110,Quận Gò Vấp,13110,https://cdn.chotot.com/uac2/30689801,"💰 Giá: 3tr9/tháng
🚫 KHÔNG cho nuôi chó/mèo
🚫 KHÔNG xe máy điện
📌 Đúng phòng này, KHÔNG quảng cáo mập mờ lừa, KHÔNG mất thời gian
-----------------------
Xem hình đính kèm (thật 100%):
✅ 18m2, ở lầu 3 (nhưng cầu thang cũng thấp thôi)
✅ Có cửa sổ lớn, hứng gió bao mát, bao thoáng
✅ Phòng mới keng 100/%, sạch, đẹp
✅ Có sẳn: 
+ MÁY LẠNH inverter
+ TỦ QUẦN ÁO lớn
+ Quạt trần
+ Giường&Nệm 1m8
+ BÀN làm việc
✅ Toilet riêng trong phòng, có NÓNG LẠNH
✅ GIỜ GIẤC TỰ DO, ko chung chủ
✅ Có chỗ để xe (miễn phí)
Khu an ninh, dân trí, không ngập nước
Hẻm rộng, xe hơi quay đầu được
---------------------------------
⚡- Điện: 3.500đ/KW
💦- Nước máy: 100.000đ/người
🕸️- Rác: 50.000đ/phòng
🛵 Xe miễn phí
-----------------------------------
ĐC: 578/54 Lê Quang Định, P.1, Gò Vấp (gần nút giao Phạm Văn Đồng-Lê Quang Định) (nếu đi Phạm Văn Đồng từ hướng sân bay về thì quẹo phải vào Lê Quang Định)
☎️ LH: gọi điện, ko nhắn tin",[],1050,Phòng trọ,1,[],28 phút trước,"{'seo_structure': {'items': [{'id': 'size', 'label': 'Diện tích', 'value': '18 m²'}, {'id': 'furnishing_rent', 'label': 'Tình trạng nội thất', 'value': 'Nội thất đầy đủ'}]}}",[],Danh thù nhắn tin,https://cdn.chotot.com/KiuHgUxNgKvKpzf6hbvqEJFqFMndLPGryJQ8ecco3VU/preset:listing/plain/a680b9def2db8a4fab6fe4e3e5156758-3001052514358495470.jpg,"[{'image': 'https://cdn.chotot.com/S6KXzHvp7tZVMcEk_TWCE9yxbES7dIF5PUmIGehzpmI/preset:view/plain/a680b9def2db8a4fab6fe4e3e5156758-3001052514358495470.jpg', 'thumbnail': 'https://cdn.chotot.com/KiuHgUxNgKvKpzf6hbvqEJFqFMndLPGryJQ8ecco3VU/preset:listing/plain/a680b9def2db8a4fab6fe4e3e5156758-3001052514358495470.jpg'}, {'image': 'https://cdn.chotot.com/TZaqEWiuczNm7xDxM96ZOPIEKMzWzoWsbxuZ8HIIjaE/preset:view/plain/27610cbca8e57de385776f3388bfad35-3001052534407750574.jpg', 'thumbnail': 'https://cdn.chotot.com/DjpdH9KUIfqEsemipXuldBf3M4-BhnyN_udvN0SWikA/preset:listing/plain/27610cbca8e57de385776f3388bfad35-3001052534407750574.jpg'}, {'image': 'https://cdn.chotot.com/lIvpM4qlWHDVI9krtbIq6XW42xxtihRodPa1F6LSZ18/preset:view/plain/c80c750601a99c526d9b1c6c952622d2-3001052534466165297.jpg', 'thumbnail': 'https://cdn.chotot.com/7bcyqhoucbKvLBdK0_dwrrdvgZbNtmat4CP2H8JPeQo/preset:listing/plain/c80c750601a99c526d9b1c6c952622d2-3001052534466165297.jpg'}, {'image': 'https://cdn.chotot.com/3DlrPWL637N1ncOTgI_dR3PzXJO_OjGtcsysPMQiJRE/preset:view/plain/09cf88b4a33278d39a87c977c3f237b1-3001052534457993454.jpg', 'thumbnail': 'https://cdn.chotot.com/tO4aljEnVst9ppvt5ANh-kpdV67KiIFnI1Vo5ScXlcE/preset:listing/plain/09cf88b4a33278d39a87c977c3f237b1-3001052534457993454.jpg'}]","['https://cdn.chotot.com/S6KXzHvp7tZVMcEk_TWCE9yxbES7dIF5PUmIGehzpmI/preset:view/plain/a680b9def2db8a4fab6fe4e3e5156758-3001052514358495470.jpg', 'https://cdn.chotot.com/TZaqEWiuczNm7xDxM96ZOPIEKMzWzoWsbxuZ8HIIjaE/preset:view/plain/27610cbca8e57de385776f3388bfad35-3001052534407750574.jpg', 'https://cdn.chotot.com/lIvpM4qlWHDVI9krtbIq6XW42xxtihRodPa1F6LSZ18/preset:view/plain/c80c750601a99c526d9b1c6c952622d2-3001052534466165297.jpg', 'https://cdn.chotot.com/3DlrPWL637N1ncOTgI_dR3PzXJO_OjGtcsysPMQiJRE/preset:view/plain/09cf88b4a33278d39a87c977c3f237b1-3001052534457993454.jpg', 'https://cdn.chotot.com/8co8WvsbMBeG8W8GaV2m4xM9qHdpatDrQZgseGtgtBA/preset:view/plain/91f83bbe47604e13ad5a1aaff76c2149-3001052534878725598.jpg', 'https://cdn.chotot.com/OnyC3jNRyqFb567Z2rCZ6I3-X7le3h3Yw2_1z24DgAA/preset:view/plain/992b950f8ff799e7290e554f9221c331-3001052534598824314.jpg', 'https://cdn.chotot.com/Y7ThDipyhAgj-Mz3fkLjP6eGJdXPFkFlNmIVWxhA2hw/preset:view/plain/4c6221d880321b595668b32b948aa77f-3001052534702037046.jpg', 'https://cdn.chotot.com/eOi3dh4UVHK43MzlQXcy6lavTc7dKhW1EyrlWWO5E-M/preset:view/plain/fc097350e3508847db9edf092daba218-3001052534624612584.jpg', 'https://cdn.chotot.com/IPbJQfxyqHYSnItCMXKPmAlg39re74B5AgkKylYX7Pk/preset:view/plain/aef548f4f012851441ca31e4a8e46ba2-3001052534665617413.jpg', 'https://cdn.chotot.com/Ei-sjyreJuEjdXA_VD0sRRWgs-o6Mvp2TuS0j9k9Xig/preset:view/plain/d74dbb6b94077c55f5a034010db57ae2-3001052534766071540.jpg', 'https://cdn.chotot.com/Pi9029ZW3Sv9HRfuYWao-PHy598OCXd5WEfsof2i8lw/preset:view/plain/18c5c16f602434dc7538268534fae76e-3001052534615689288.jpg', 'https://cdn.chotot.com/LOu7gpsKoKGdD0cp6qntIDjLBASsx0LUQjIwO-KU0eQ/preset:view/plain/fd3936056b7830ed7185b15af0dc8030-3001052534800183461.jpg']",[],True,False,False,False,False,0,[],10.816807,134559796,1788972293304,"10.816807,106.6886939",osm:W684151407,106.68869,12,1788767138000.0,[],3900000,0.21666667,"3,9 triệu/tháng",False,[],0,https://cdn.chotot.com/admincentre/location/10x816807_106x6886939.jpg,0.0008,https://cdn.chotot.com/admincentre/location/10x816807_106x6886939_v2.jpg,,13,Tp Hồ Chí Minh,TP Hồ Chí Minh,13000,"{'avatar': 'https://cdn.chotot.com/uac2/30689801', 'full_name': 'Danh thù nhắn tin', 'live_ads': 11, 'sold_ads': 110}",18,m²,"['https://cdn.chotot.com/TZaqEWiuczNm7xDxM96ZOPIEKMzWzoWsbxuZ8HIIjaE/preset:view/plain/27610cbca8e57de385776f3388bfad35-3001052534407750574.jpg', 'https://cdn.chotot.com/lIvpM4qlWHDVI9krtbIq6XW42xxtihRodPa1F6LSZ18/preset:view/plain/c80c750601a99c526d9b1c6c952622d2-3001052534466165297.jpg', 'https://cdn.chotot.com/3DlrPWL637N1ncOTgI_dR3PzXJO_OjGtcsysPMQiJRE/preset:view/plain/09cf88b4a33278d39a87c977c3f237b1-3001052534457993454.jpg', 'https://cdn.chotot.com/8co8WvsbMBeG8W8GaV2m4xM9qHdpatDrQZgseGtgtBA/preset:view/plain/91f83bbe47604e13ad5a1aaff76c2149-3001052534878725598.jpg', 'https://cdn.chotot.com/OnyC3jNRyqFb567Z2rCZ6I3-X7le3h3Yw2_1z24DgAA/preset:view/plain/992b950f8ff799e7290e554f9221c331-3001052534598824314.jpg']",[],accepted,active,0,Đường Lê Quang Định,1.0,"Phòng LQĐịnh gần PVĐồng, full nội thất, cửa sổ hứng gió bao mát thoáng",https://cdn.chotot.com/KiuHgUxNgKvKpzf6hbvqEJFqFMndLPGryJQ8ecco3VU/preset:listing/plain/a680b9def2db8a4fab6fe4e3e5156758-3001052514358495470.jpg,u,0fa2433885cfa206865656ed80d06588,"[{'gif_url': 'https://videodelivery.net/0f414de6179627ac4ba1c48e71d83040/thumbnails/thumbnail.gif?width=144&height=216&duration=3s&fps=15&fit=crop', 'id': '0f414de6179627ac4ba1c48e71d83040', 'thumbnail': 'https://videodelivery.net/0f414de6179627ac4ba1c48e71d83040/thumbnails/thumbnail.jpg', 'url': 'https://videodelivery.net/0f414de6179627ac4ba1c48e71d83040/manifest/video.m3u8'}]",9274,Phường 1,Phường Hạnh Thông,https://cdn.chotot.com/Cly02qyqEA_n2WVc1os0WliLSmRWS55BUYk7A7ZtiYE/preset:listing/plain/a680b9def2db8a4fab6fe4e3e5156758-3001052514358495470.webp,True,6000000.0,True,False,"{'alias': '87f6DkzUoR9tr0w', 'createdDate': '1786261248', 'modifiedDate': 1788886818, 'name': 'Danh Thù Nhắn Tin', 'profileImageUrl': 'https://static.chotot.com/storage/APP_WRAPPER/icons/v5/dfavt.png', 'service_type': 'membership', 'shopsCategoriesRelationships': [{'categoryId': 1000}], 'status': 'expired', 'urls': [{'url': 'danh-thu-nhan-tin'}]}",87f6DkzUoR9tr0w,110.0,special_display,578/54,,,2.0,,,,True
25040295,Trần phú,5980416233b80b47f26bb2114ad13339,[],178328473,[],119,Thành phố Thủ Đức,13119,https://cdn.chotot.com/uac2/25040295,"Dự án: 
Thông tin chi tiết: ☘️🏡 DUPLEX MỚI TINH NGAY NGÃ TƯ THỦ ĐỨC GẦN UFM & UTC2, PTIT, UTE

📍 Gần Lê Văn Việt – Hoàng Hữu Nam – Đình Phong Phú – Khu Công Nghệ Cao – Vincom Lê Văn Việt.

✨ Duplex mới, cực thoáng

✨ Gác cao rộng rãi, ở 2–4 người thoải mái

✨ Chỉ cần xách vali vào ở

🌟 Tiện ích:

✅ Camera 24/7

✅ Bãi xe rộng

✅ Giờ giấc tự do

🛒 Gần chợ, Bách Hóa Xanh, cửa hàng tiện lợi, quán ăn, cà phê…

📞 Call/Zalo: – *** để xem phòng ngay.",[],1050,Phòng trọ,2,[],33 phút trước,"{'seo_structure': {'items': [{'id': 'size', 'label': 'Diện tích', 'value': '35 m²'}]}}",[],Trần phú,https://cdn.chotot.com/W1mLY-YFG_6TNUyqHWO1geOA28s8ZmoI8aroQRwCW1k/preset:listing/plain/c1693e99b2f249549afaad293e5f1baa-2998883873980566412.jpg,"[{'image': 'https://cdn.chotot.com/BLSlZhF1EdliP_nDGSmPj82cM97XSXlgmptjtrpr4Tw/preset:view/plain/c1693e99b2f249549afaad293e5f1baa-2998883873980566412.jpg', 'thumbnail': 'https://cdn.chotot.com/W1mLY-YFG_6TNUyqHWO1geOA28s8ZmoI8aroQRwCW1k/preset:listing/plain/c1693e99b2f249549afaad293e5f1baa-2998883873980566412.jpg'}, {'image': 'https://cdn.chotot.com/5ONqkW2UWneGL9vCUekJiLARC-Fwyg_NL4Lhs6SZPeY/preset:view/plain/d6d6dfcf8db006932e43541b94ed08e3-2998883874014441881.jpg', 'thumbnail': 'https://cdn.chotot.com/1g33x8S4vbPVMRBYUUOIiOa-eUkBO9g6TAzdBZdCh1k/preset:listing/plain/d6d6dfcf8db006932e43541b94ed08e3-2998883874014441881.jpg'}, {'image': 'https://cdn.chotot.com/L_AsZWKj_Xzpb3WfSgB1kGFsQ5sMrOHT3uemmb9bJb4/preset:view/plain/db8b347d3677bc9210311331627d638a-2998883874042470620.jpg', 'thumbnail': 'https://cdn.chotot.com/8udacHwK9RSb5LwZlfrrjYDnvofVPLPKPKgIRTAtzxU/preset:listing/plain/db8b347d3677bc9210311331627d638a-2998883874042470620.jpg'}, {'image': 'https://cdn.chotot.com/R4rjqwCsW_fH2U62h7tVXdV7HtIs9PdRrq44_pcIDEo/preset:view/plain/219c53b511495b5ce594f8f23e525097-2998883874103177463.jpg', 'thumbnail': 'https://cdn.chotot.com/qibFseH3318VEfqyt6rVdvUl0Cqz4A5suXxEIH-1zbo/preset:listing/plain/219c53b511495b5ce594f8f23e525097-2998883874103177463.jpg'}]","['https://cdn.chotot.com/BLSlZhF1EdliP_nDGSmPj82cM97XSXlgmptjtrpr4Tw/preset:view/plain/c1693e99b2f249549afaad293e5f1baa-2998883873980566412.jpg', 'https://cdn.chotot.com/5ONqkW2UWneGL9vCUekJiLARC-Fwyg_NL4Lhs6SZPeY/preset:view/plain/d6d6dfcf8db006932e43541b94ed08e3-2998883874014441881.jpg', 'https://cdn.chotot.com/L_AsZWKj_Xzpb3WfSgB1kGFsQ5sMrOHT3uemmb9bJb4/preset:view/plain/db8b347d3677bc9210311331627d638a-2998883874042470620.jpg', 'https://cdn.chotot.com/R4rjqwCsW_fH2U62h7tVXdV7HtIs9PdRrq44_pcIDEo/preset:view/plain/219c53b511495b5ce594f8f23e525097-2998883874103177463.jpg', 'https://cdn.chotot.com/DQR12_iuxzAgNmz7GNeAYjouQpYXykPr2ADVxqJPQQE/preset:view/plain/f47a9439e409525aa5fbdc14c36df2fa-2998883874191147603.jpg']",[],True,False,False,False,False,0,[],10.845492,134310303,1788971962000,"10.8454922,106.7942561",osm:W724079954,106.79426,5,,[],4100000,0.117142856,"4,1 triệu/tháng",True,[],0,https://cdn.chotot.com/admincentre/location/10x846292_106x795056_c.jpg,0.0008,https://cdn.chotot.com/admincentre/location/10x846292_106x795056_c_v2.jpg,,13,Tp Hồ Chí Minh,TP Hồ Chí Minh,13000,"{'avatar': 'https://cdn.chotot.com/uac2/25040295', 'full_name': 'Trần phú', 'live_ads': 5, 'sold_ads': 2}",35,m²,[],[],accepted,active,0,Đường Lê Văn Việt,0.0,"DUPLEX MỚI TINH NGAY NGÃ TƯ THỦ ĐỨC GẦN UFM & UTC2, PTIT, UTE",https://cdn.chotot.com/W1mLY-YFG_6TNUyqHWO1geOA28s8ZmoI8aroQRwCW1k/preset:listing/plain/c1693e99b2f249549afaad293e5f1baa-2998883873980566412.jpg,u,13b1b9ffb064ae5b373a4a96870fcc78,[],9254,Phường Tăng Nhơn Phú A (Quận 9 cũ),Phường Tăng Nhơn Phú,https://cdn.chotot.com/nNbPsa3nsF5jxb9tLUb8xwxlYvc-uhmukTmyJFNtYDw/preset:listing/plain/c1693e99b2f249549afaad293e5f1baa-2998883873980566412.webp,True,,,,"{'address': ' Đường Nguyễn Oanh   ', 'alias': 'lmVI7YgNUoumRBd', 'createdDate': '1783500512', 'is_fb_linked': True, 'modifiedDate': 1788405543, 'name': 'BĐS Trần Phú480', 'profileImageUrl': 'https://cdn.chotot.com/uac2/25040295', 'service_type': 'membership', 'shopsCategoriesRelationships': [{'categoryId': 1000}], 'status': 'accepted', 'tiktok_followers': 110, 'urls': [{'url': 'tran-phu'}], 'working_area_display': 'Thành phố Thủ Đức (Tp Hồ Chí Minh)'}",lmVI7YgNUoumRBd,2.0,,,,,,,,,
25040295,Trần phú,5980416233b80b47f26bb2114ad13339,[],178271725,[],119,Thành phố Thủ Đức,13119,https://cdn.chotot.com/uac2/25040295,"Dự án: 
Thông tin chi tiết: STUDIO FULL NỘI THẤT - CỬA SỔ TRỜI - NGAY LIÊN PHƯỜNG - ĐỖ XUÂN HỢP - GLOBAL CITY 

=========

•	Bàn giao phòng full nội thất 

•	Ra nhanh Đỗ Xuân Hợp, Liên Phường, Võ Chí Công, LakeView City...

•	Tiện di chuyển đi các quận trung tâm 

•	Không chun chủ, giờ giấc tự do

•	Khu dân cư an ninh, camera xuyên suốt

===========

zalo/call: ***",[],1050,Phòng trọ,2,[],34 phút trước,"{'seo_structure': {'items': [{'id': 'size', 'label': 'Diện tích', 'value': '30 m²'}, {'id': 'furnishing_rent', 'label': 'Tình trạng nội thất', 'value': 'Nội thất cao cấp'}]}}",[],Trần phú,https://cdn.chotot.com/G31bFLm1WBsnNSNgQ5fB_m7sTOMU2mu09DwxCabAG1A/preset:listing/plain/5715d032c831c0a248f0a3a84da4be4c-2998478970246873205.jpg,"[{'image': 'https://cdn.chotot.com/zsiZ976oI83efDyZVd19wth3kwefmgoG-QTxPUQMDqw/preset:view/plain/5715d032c831c0a248f0a3a84da4be4c-2998478970246873205.jpg', 'thumbnail': 'https://cdn.chotot.com/G31bFLm1WBsnNSNgQ5fB_m7sTOMU2mu09DwxCabAG1A/preset:listing/plain/5715d032c831c0a248f0a3a84da4be4c-2998478970246873205.jpg'}, {'image': 'https://cdn.chotot.com/4JkP8oX9Gdxklud15X4BU7eABm-LVkHGGs9LPvYRr_s/preset:view/plain/56e441b54242d6d7b0f1472433620ce6-2998478970778093987.jpg', 'thumbnail': 'https://cdn.chotot.com/vgh-uFiSKckEEsaaApPzmqIiQ6J8JiJzLOs988Aey90/preset:listing/plain/56e441b54242d6d7b0f1472433620ce6-2998478970778093987.jpg'}, {'image': 'https://cdn.chotot.com/Kui-P_sOA-oxED4bmNS6ik4cuMnYsCcCd_oDfOooFDE/preset:view/plain/aae80ce7928e07570a5c9a875e09d3f7-2998478970284377518.jpg', 'thumbnail': 'https://cdn.chotot.com/qxtI3O5FNLSCXOXTj5x0t7FaBmaD5T5xtOuq2BpLG5Q/preset:listing/plain/aae80ce7928e07570a5c9a875e09d3f7-2998478970284377518.jpg'}, {'image': 'https://cdn.chotot.com/b61U7T03XhLt4mkJOzXt4WGOC-Ztfs6_HHaFuxLYgKg/preset:view/plain/46fcdd2c2db46aba9b1bf9c71c198f44-2998478970788275196.jpg', 'thumbnail': 'https://cdn.chotot.com/uJno7KR3qZTfcmYFULuGwqJ_p9zXwF5CkIzjGPoJJbM/preset:listing/plain/46fcdd2c2db46aba9b1bf9c71c198f44-2998478970788275196.jpg'}]","['https://cdn.chotot.com/zsiZ976oI83efDyZVd19wth3kwefmgoG-QTxPUQMDqw/preset:view/plain/5715d032c831c0a248f0a3a84da4be4c-2998478970246873205.jpg', 'https://cdn.chotot.com/4JkP8oX9Gdxklud15X4BU7eABm-LVkHGGs9LPvYRr_s/preset:view/plain/56e441b54242d6d7b0f1472433620ce6-2998478970778093987.jpg', 'https://cdn.chotot.com/Kui-P_sOA-oxED4bmNS6ik4cuMnYsCcCd_oDfOooFDE/preset:view/plain/aae80ce7928e07570a5c9a875e09d3f7-2998478970284377518.jpg', 'https://cdn.chotot.com/b61U7T03XhLt4mkJOzXt4WGOC-Ztfs6_HHaFuxLYgKg/preset:view/plain/46fcdd2c2db46aba9b1bf9c71c198f44-2998478970788275196.jpg', 'https://cdn.chotot.com/JK23FSJKVPHDhIxA4wbXtry1yhfJez64hSmqzcz-Dk0/preset:view/plain/0a80ade43efc9bfbecdc114a5807b3b2-2998478970917857830.jpg', 'https://cdn.chotot.com/WMXsRBX1_wLuNqA7Ou41GuWl7I2lveOIpO-xMuCEFs0/preset:view/plain/f15d2bbedd7d23b25c3b36c6b22f1a96-2998478970332543098.jpg', 'https://cdn.chotot.com/COccGiVasdPJ88aryagqSVtdo6hOd0sBJTcEDo1OfnU/preset:view/plain/b8dd1d28741030c09d9a560f7f8cf03c-2998478970392000077.jpg', 'https://cdn.chotot.com/UvquUn5JaPVAfi_uFH7fw0r7CZwVjQRRssUeK9IwZgA/preset:view/plain/a798b2e47030888ae262fb510ff73aa2-2998478970967658822.jpg', 'https://cdn.chotot.com/SKO8zdfgt0_lalMq8pnzWw4o3CvUhXMSuTjjEHPZp2A/preset:view/plain/d5a51c3fdd21fa939b17c4fe88572d61-2998478970518854037.jpg']",[],True,False,False,False,False,0,[],10.808315,134261283,1788971939000,"10.8083156,106.7768599",osm:W137187360,106.77686,9,,[],5000000,0.16666667,5 triệu/tháng,True,[],0,https://cdn.chotot.com/admincentre/location/10x809116_106x777660_c.jpg,0.0008,https://cdn.chotot.com/admincentre/location/10x809116_106x777660_c_v2.jpg,,13,Tp Hồ Chí Minh,TP Hồ Chí Minh,13000,"{'avatar': 'https://cdn.chotot.com/uac2/25040295', 'full_name': 'Trần phú', 'live_ads': 5, 'sold_ads': 2}",30,m²,[],[],accepted,active,0,Đường Đỗ Xuân Hợp,0.0,STUDIO FULL NỘI THẤT - CỬA SỔ TRỜI - NGAY LIÊN PHƯỜNG - ĐỖ XUÂN HỢP,https://cdn.chotot.com/G31bFLm1WBsnNSNgQ5fB_m7sTOMU2mu09DwxCabAG1A/preset:listing/plain/5715d032c831c0a248f0a3a84da4be4c-2998478970246873205.jpg,u,f810ca4ed0fe8e637573041309d02995,[],9256,Phường Phước Long B (Quận 9 cũ),Phường Phước Long,https://cdn.chotot.com/KagXSEajT165Odgap8omwRKur6aSj9wLnNLBmn3rC4o/preset:listing/plain/5715d032c831c0a248f0a3a84da4be4c-2998478970246873205.webp,True,,,,"{'address': ' Đường Nguyễn Oanh   ', 'alias': 'lmVI7YgNUoumRBd', 'createdDate': '1783500512', 'is_fb_linked': True, 'modifiedDate': 1788405543, 'name': 'BĐS Trần Phú480', 'profileImageUrl': 'https://cdn.chotot.com/uac2/25040295', 'service_type': 'membership', 'shopsCategoriesRelationships': [{'categoryId': 1000}], 'status': 'accepted', 'tiktok_followers': 110, 'urls': [{'url': 'tran-phu'}], 'working_area_display': 'Thành phố Thủ Đức (Tp Hồ Chí Minh)'}",lmVI7YgNUoumRBd,2.0,,,,,1.0,,,,
25040295,Trần phú,5980416233b80b47f26bb2114ad13339,[],178680013,[],119,Thành phố Thủ Đức,13119,https://cdn.chotot.com/uac2/25040295,"Dự án: 
Thông tin chi tiết: 𝐒𝐢𝐞̂𝐮 𝐏𝐡𝐚̂̉𝐦 𝐂𝐮̛̣𝐜 𝐇𝐨𝐭 𝐍𝐠𝐚𝐲 Xa Lộ Hà Nội - 𝐆𝐢𝐮̛̃ 𝐏𝐡𝐨̀𝐧𝐠 𝐃𝐞̂́𝐧 𝟐𝟓/𝟗

KHAI TRƯƠNG NHÀ MỚI SÁT GA METRO BÌNH THÁI - XA LỘ HÀ NỘI QUẬN 9

📍Nam Hoà - Tây Hoà - Đỗ Xuân Hợp, Phước Long, Quận 9

🔹𝐕𝐢̣ 𝐭𝐫𝐢́ 𝐯𝐚̀𝐧𝐠:
👉🏻Đi bộ đến Ga Metro, Xa Lộ Hà Nội, trạm bus, tiện qua Bình Thạnh, Quận 1, Quận 2, Thủ Đức,…

👉🏻Gần các trường SPKT, Hutech, Công Thương, HUB, Văn Hoá, UTH,…

➖Trang bị full nội thất mới 100% bóc seal

➖Cổng vân tay, có nhà xe, camera 24/24 an ninh

➖Khu dân cư đông đúc, yên tĩnh, phù hợp cho người thuê lâu dài

➖Được bảo trì thiết bị, nội thất thường xuyên
=============

📲𝐋𝐢𝐞̂𝐧 𝐡𝐞̣̂ 𝐳𝐚𝐥𝐨/𝐬𝐦𝐬: *** để được tư vấn và hỗ trợ xem phòng trực tiếp nhanh nhất.",[],1050,Phòng trọ,2,[],35 phút trước,"{'seo_structure': {'items': [{'id': 'size', 'label': 'Diện tích', 'value': '35 m²'}, {'id': 'furnishing_rent', 'label': 'Tình trạng nội thất', 'value': 'Nội thất đầy đủ'}]}}",[],Trần phú,https://cdn.chotot.com/WixFRaA9pfezYprB9O7w8y8brTa-LUFBeWPwb48varY/preset:listing/plain/e89c311dbc92c770d28db30b730b9731-3001396665430969012.jpg,"[{'image': 'https://cdn.chotot.com/1BeE0cVBnDWvSEU6bM15adfAe5sV6utICewuMF4CQp4/preset:view/plain/e89c311dbc92c770d28db30b730b9731-3001396665430969012.jpg', 'thumbnail': 'https://cdn.chotot.com/WixFRaA9pfezYprB9O7w8y8brTa-LUFBeWPwb48varY/preset:listing/plain/e89c311dbc92c770d28db30b730b9731-3001396665430969012.jpg'}, {'image': 'https://cdn.chotot.com/bP5hY6mgATNlyJzgEj_UOG2sNzVxovF6IB_AJisIU4U/preset:view/plain/30768d78c45fcc09a55add80782e13ac-3001396665590936174.jpg', 'thumbnail': 'https://cdn.chotot.com/TxH7r-w6fl_wZRoBzAJGTKcyDACuKZajGFsP_4FQKUU/preset:listing/plain/30768d78c45fcc09a55add80782e13ac-3001396665590936174.jpg'}, {'image': 'https://cdn.chotot.com/RHVpJ0nEsyIYLp4Y_g8OtMkaWCSyDrg1Xr9INTpinSM/preset:view/plain/c3498fa31abe847b7a0fcdfe6bfbd7e2-3001396665673654703.jpg', 'thumbnail': 'https://cdn.chotot.com/xON8rp1OVkzAW5vpA03L1_w4bdKjoNKMlVP8TsZ5Jd8/preset:listing/plain/c3498fa31abe847b7a0fcdfe6bfbd7e2-3001396665673654703.jpg'}, {'image': 'https://cdn.chotot.com/9BA6R0WEtKPFnxgI3ltV8KFgSefoW8mvUVyWdDKuFOU/preset:view/plain/96dea810d2a55ca9c478358d362abac2-3001396665789765200.jpg', 'thumbnail': 'https://cdn.chotot.com/tFcVebrRA2uDBQVIBHcRvX8YHS1Jn5mzwOJuweePfmM/preset:listing/plain/96dea810d2a55ca9c478358d362abac2-3001396665789765200.jpg'}]","['https://cdn.chotot.com/1BeE0cVBnDWvSEU6bM15adfAe5sV6utICewuMF4CQp4/preset:view/plain/e89c311dbc92c770d28db30b730b9731-3001396665430969012.jpg', 'https://cdn.chotot.com/bP5hY6mgATNlyJzgEj_UOG2sNzVxovF6IB_AJisIU4U/preset:view/plain/30768d78c45fcc09a55add80782e13ac-3001396665590936174.jpg', 'https://cdn.chotot.com/RHVpJ0nEsyIYLp4Y_g8OtMkaWCSyDrg1Xr9INTpinSM/preset:view/plain/c3498fa31abe847b7a0fcdfe6bfbd7e2-3001396665673654703.jpg', 'https://cdn.chotot.com/9BA6R0WEtKPFnxgI3ltV8KFgSefoW8mvUVyWdDKuFOU/preset:view/plain/96dea810d2a55ca9c478358d362abac2-3001396665789765200.jpg', 'https://cdn.chotot.com/t-4GBUtm1KVl5m5l0Oy_1X9EinN9eNz1lyCy98oYFAg/preset:view/plain/2cae9d8cbc8c1997c5785268834eecec-3001396665770704068.jpg', 'https://cdn.chotot.com/0iKVmUO1q50gsqJcszzb6Ke3OCzOjBenKbUywyvR9Gk/preset:view/plain/cef127fa91ad8fbe7722a81c1bcb9b21-3001396665815582608.jpg']",[],True,False,False,False,False,0,[],10.8289,134607280,1788971880000,"10.8289,106.7646354",osm:W32579008,106.76463,6,,[],5200000,0.14857143,"5,2 triệu/tháng",True,[],0,https://cdn.chotot.com/admincentre/location/10x829700_106x765435_c.jpg,0.0008,https://cdn.chotot.com/admincentre/location/10x829700_106x765435_c_v2.jpg,,13,Tp Hồ Chí Minh,TP Hồ Chí Minh,13000,"{'avatar': 'https://cdn.chotot.com/uac2/25040295', 'full_name': 'Trần phú', 'live_ads': 5, 'sold_ads': 2}",35,m²,[],[],accepted,active,0,Đường Nam Hòa,0.0,KHAI TRƯƠNG NHÀ MỚI SÁT GA METRO BÌNH THÁI - XA LỘ HÀ NỘI QUẬN 9,https://cdn.chotot.com/WixFRaA9pfezYprB9O7w8y8brTa-LUFBeWPwb48varY/preset:listing/plain/e89c311dbc92c770d28db30b730b9731-3001396665430969012.jpg,u,3f72e32e0eb8adb50bac6e57bc8ff322,[],9257,Phường Phước Long A (Quận 9 cũ),Phường Phước Long,https://cdn.chotot.com/0GPVXlS_FW_yxqj8XEJ-XpYcY-Wg3zo9yf4xfDjvy5U/preset:listing/plain/e89c311dbc92c770d28db30b730b9731-3001396665430969012.webp,True,,,,"{'address': ' Đường Nguyễn Oanh   ', 'alias': 'lmVI7YgNUoumRBd', 'createdDate': '1783500512', 'is_fb_linked': True, 'modifiedDate': 1788405543, 'name': 'BĐS Trần Phú480', 'profileImageUrl': 'https://cdn.chotot.com/uac2/25040295', 'service_type': 'membership', 'shopsCategoriesRelationships': [{'categoryId': 1000}], 'status': 'accepted', 'tiktok_followers': 110, 'urls': [{'url': 'tran-phu'}], 'working_area_display': 'Thành phố Thủ Đức (Tp Hồ Chí Minh)'}",lmVI7YgNUoumRBd,2.0,,,,,2.0,,,,
25051644,Nguyễn Danh Thiên,86ff721703d578717389065fdb9a47c2,[],174387918,[],113,Quận Tân Phú,13113,https://cdn.chotot.com/uac2/25051644,"PHÒNG TRỌ GÁC CAO ZÁ 2🍠9_MỚI XÂY AEON MALL_ĐH HUIT_TÂN THẮNG, TÂN PHÚ

- giờ giấc tự do, kg chung chủ
- gác cao đứng được, p siu rộng
- máy giặt chung, cổng vân tay
- đạt chuẩn Pccc",[],1050,Phòng trọ,1,[],35 phút trước,"{'seo_structure': {'items': [{'id': 'size', 'label': 'Diện tích', 'value': '30 m²'}, {'id': 'furnishing_rent', 'label': 'Tình trạng nội thất', 'value': 'Nhà trống'}]}}",[],Nguyễn Danh Thiên,https://cdn.chotot.com/fARFu7hHnWmk3dyO-ZjGNii36Yn6RUvcfm2Es6dUd9I/preset:listing/plain/1cb4ecfcb1f5d5bade9ac6bd21988b4d-2973547010317626753.jpg,"[{'image': 'https://cdn.chotot.com/Z2xI32MpUp3YtOF5wuXDU-RHHCRUqwarx8NfWV_-4aQ/preset:view/plain/1cb4ecfcb1f5d5bade9ac6bd21988b4d-2973547010317626753.jpg', 'thumbnail': 'https://cdn.chotot.com/fARFu7hHnWmk3dyO-ZjGNii36Yn6RUvcfm2Es6dUd9I/preset:listing/plain/1cb4ecfcb1f5d5bade9ac6bd21988b4d-2973547010317626753.jpg'}, {'image': 'https://cdn.chotot.com/BGUSkyc8Mm4ot8kCtXh-jAZ4qfZ5qi1Toa2f9lIFPzs/preset:view/plain/938ea365786963430e302caf2bfa6f60-2973547010300138174.jpg', 'thumbnail': 'https://cdn.chotot.com/JKc00mveCNUa1a3VpEksrxx4Yo5Rgwdz_Tcb0ZnhAoU/preset:listing/plain/938ea365786963430e302caf2bfa6f60-2973547010300138174.jpg'}, {'image': 'https://cdn.chotot.com/3PJbdj3EkSm9hCzbr6TrTeiWYsrqfh7EceLBPkC-tEA/preset:view/plain/d831fb4868473c7fb0103e28935a0e06-2973547010452336395.jpg', 'thumbnail': 'https://cdn.chotot.com/QkApdIu5El7zcyL1bN06WDt8gaFuZLEvozciqdYJ8Ts/preset:listing/plain/d831fb4868473c7fb0103e28935a0e06-2973547010452336395.jpg'}, {'image': 'https://cdn.chotot.com/MiIn44UkXKRc6vMupWFlblZPS52dbAuVLS28FFuI7TQ/preset:view/plain/5e78512b6b45898e6a2eb5202cec1148-2973547010463411793.jpg', 'thumbnail': 'https://cdn.chotot.com/JgvdmRN7AtH15C-fkoO2mHIr-qlAGgp_VTH1QDHwWm0/preset:listing/plain/5e78512b6b45898e6a2eb5202cec1148-2973547010463411793.jpg'}]","['https://cdn.chotot.com/Z2xI32MpUp3YtOF5wuXDU-RHHCRUqwarx8NfWV_-4aQ/preset:view/plain/1cb4ecfcb1f5d5bade9ac6bd21988b4d-2973547010317626753.jpg', 'https://cdn.chotot.com/BGUSkyc8Mm4ot8kCtXh-jAZ4qfZ5qi1Toa2f9lIFPzs/preset:view/plain/938ea365786963430e302caf2bfa6f60-2973547010300138174.jpg', 'https://cdn.chotot.com/3PJbdj3EkSm9hCzbr6TrTeiWYsrqfh7EceLBPkC-tEA/preset:view/plain/d831fb4868473c7fb0103e28935a0e06-2973547010452336395.jpg', 'https://cdn.chotot.com/MiIn44UkXKRc6vMupWFlblZPS52dbAuVLS28FFuI7TQ/preset:view/plain/5e78512b6b45898e6a2eb5202cec1148-2973547010463411793.jpg', 'https://cdn.chotot.com/EnHJ-EQp6e9mE16f9HYUukhbEmeMtJ-EqfCTwHFRvs0/preset:view/plain/77fee4b470f93f6e45d12ceb9e9f2eee-2973547010391941557.jpg']",[],True,False,False,False,True,0,[],10.80366,130941420,1788971843443,"10.8036604,106.6223433",osm:W817145169,106.622345,5,1788684544000.0,[],2900000,0.096666664,"2,9 triệu/tháng",False,[],0,https://cdn.chotot.com/admincentre/location/10x804460_106x623143_c.jpg,0.0008,https://cdn.chotot.com/admincentre/location/10x804460_106x623143_c_v2.jpg,,13,Tp Hồ Chí Minh,TP Hồ Chí Minh,13000,"{'avatar': 'https://cdn.chotot.com/uac2/25051644', 'full_name': 'Nguyễn Danh Thiên', 'live_ads': 22, 'sold_ads': 30}",30,m²,[],[],accepted,active,0,Đường Tân Thắng,,"PHÒNG TRỌ GÁC CAO ZÁ 2🍠9_MỚI XÂY AEON MALL_ĐH HUIT_TÂN THẮNG, TÂN PHÚ",https://cdn.chotot.com/fARFu7hHnWmk3dyO-ZjGNii36Yn6RUvcfm2Es6dUd9I/preset:listing/plain/1cb4ecfcb1f5d5bade9ac6bd21988b4d-2973547010317626753.jpg,u,c73388301dd6bb90834a6cbfe6a66474,"[{'gif_url': 'https://videodelivery.net/206aad91ec1a0bf8d81f4a6d1eab770f/thumbnails/thumbnail.gif?width=144&height=216&duration=3s&fps=15&fit=crop', 'id': '206aad91ec1a0bf8d81f4a6d1eab770f', 'thumbnail': 'https://videodelivery.net/206aad91ec1a0bf8d81f4a6d1eab770f/thumbnails/thumbnail.jpg', 'url': 'https://videodelivery.net/206aad91ec1a0bf8d81f4a6d1eab770f/manifest/video.m3u8'}]",9316,Phường Sơn Kỳ,Phường Tân Sơn Nhì,https://cdn.chotot.com/eNTRqXfjqsN5GuCUr6SAvs5yRmORbttEPlsa_Y7xq1U/preset:listing/plain/1cb4ecfcb1f5d5bade9ac6bd21988b4d-2973547010317626753.webp,True,2900000.0,True,,"{'address': 'Đường Gò Dầu, Phường Tân Quý, Quận Tân Phú, Thành phố Hồ Chí Minh, Việt Nam', 'alias': 'U93RYHr0CWnHO5Y', 'createdDate': '1762507130', 'modifiedDate': 1788617764, 'name': 'Trai Trẻ Có Phòng Rẻ', 'profileImageUrl': 'https://cdn.chotot.com/QVpCwRRF4z_E_HByZAXf_zKgPwVz0gtkf4RA8ciKO6s/preset:shopava/plain/9cf17e9fb5b1bf54edac5fa7d93e244b-2956995311097709436.jpg', 'service_type': 'membership', 'shopsCategoriesRelationships': [{'categoryId': 1000}], 'status': 'accepted', 'urls': [{'url': 'traitrecophongre'}], 'working_area_display': 'Quận 11,Quận Bình Tân,Quận Tân Bình,Quận Tân Phú (Tp Hồ Chí Minh)'}",U93RYHr0CWnHO5Y,30.0,,,,,3.0,,,,
25051644,Nguyễn Danh Thiên,86ff721703d578717389065fdb9a47c2,[],177465797,[],113,Quận Tân Phú,13113,https://cdn.chotot.com/uac2/25051644,"Dự án: 
Thông tin chi tiết: GIÁ SIÊU HỜI ĐẦY ĐỦ NỘI THẤT A-Z 💥

📍Địa chỉ: Gò Dầu, Tân Phú

▪︎ Thuận tiện di chuyển đến các trục đường lớn: Tây Thạnh, Tân Kỳ Tân Quý, Sơn Kỳ, Tân Sơn Nhì,.....
▪︎ Thuận tiện di chuyển đến Tân Bình, Bình Tân
▪︎ Gần các khu chợ , cửa hàng tiện lợi Circle K, rạp phim Galaxy Trường Chinh, Big C, Gần Đh Công Thương, Cao đẳng FPT POLY,…
➖➖➖➖➖➖➖➖
▪︎ Đầy đủ nội thất tòa nhà
▪︎ Khu vực để xe rộng rãi, giờ giấc ra vào tự do
▪︎ Đảm bảo an ninh Camera 24/7, không chung chủ
▪︎ Tòa nhà đạt tiêu chuẩn hệ thống PCCC

☎️ Liên hệ:Danh Thiên  ( ib/call ) để được hỗ trợ tư vấn và xem phòng miễn phí",[],1050,Phòng trọ,2,[],37 phút trước,"{'seo_structure': {'items': [{'id': 'size', 'label': 'Diện tích', 'value': '30 m²'}, {'id': 'furnishing_rent', 'label': 'Tình trạng nội thất', 'value': 'Nội thất đầy đủ'}]}}",[],Nguyễn Danh Thiên,https://cdn.chotot.com/EtMi6NQ89KYbTQePlAa0gXnisUaZ42TlUrgcWWLVykA/preset:listing/plain/e07e92b949b58c3ef987cfec14772709-2993281485625218184.jpg,"[{'image': 'https://cdn.chotot.com/V7_xDBCLNeiUDjxFEYSTkCe8pnnyMfqfPFY_VwOxG8I/preset:view/plain/e07e92b949b58c3ef987cfec14772709-2993281485625218184.jpg', 'thumbnail': 'https://cdn.chotot.com/EtMi6NQ89KYbTQePlAa0gXnisUaZ42TlUrgcWWLVykA/preset:listing/plain/e07e92b949b58c3ef987cfec14772709-2993281485625218184.jpg'}, {'image': 'https://cdn.chotot.com/OFDLPXOOOjfZVZmhzelIkGOChDL9DxiAcq9mQtpwV5A/preset:view/plain/133c25b17836b229c725ff1dbc714f4b-2993281485714880385.jpg', 'thumbnail': 'https://cdn.chotot.com/RstioY3HcA4ruvCENBXH6N6FAeYRalxDQna5UhibfK0/preset:listing/plain/133c25b17836b229c725ff1dbc714f4b-2993281485714880385.jpg'}, {'image': 'https://cdn.chotot.com/DibAj5tpqG_Gwlda7rzzmaa4d1hhtn1emPjV_tKfxi0/preset:view/plain/91891540ddc291b20e33eece2721729f-2993281485919417869.jpg', 'thumbnail': 'https://cdn.chotot.com/_F8km8f2ccNUas4im7hqNwt8EsoGKPfiSLfYlYsSJZA/preset:listing/plain/91891540ddc291b20e33eece2721729f-2993281485919417869.jpg'}, {'image': 'https://cdn.chotot.com/PVftxIA86PXiTY5M-LKP_ysLlQd55e0zZ6iJhVA-nBw/preset:view/plain/5b42fe7ccf125085f20b38e1341c8873-2993281485777585716.jpg', 'thumbnail': 'https://cdn.chotot.com/fLU6GRdsaLL4IToi75lCdBQRQNnbZ1Z2rN3PcC0_LcU/preset:listing/plain/5b42fe7ccf125085f20b38e1341c8873-2993281485777585716.jpg'}]","['https://cdn.chotot.com/V7_xDBCLNeiUDjxFEYSTkCe8pnnyMfqfPFY_VwOxG8I/preset:view/plain/e07e92b949b58c3ef987cfec14772709-2993281485625218184.jpg', 'https://cdn.chotot.com/OFDLPXOOOjfZVZmhzelIkGOChDL9DxiAcq9mQtpwV5A/preset:view/plain/133c25b17836b229c725ff1dbc714f4b-2993281485714880385.jpg', 'https://cdn.chotot.com/DibAj5tpqG_Gwlda7rzzmaa4d1hhtn1emPjV_tKfxi0/preset:view/plain/91891540ddc291b20e33eece2721729f-2993281485919417869.jpg', 'https://cdn.chotot.com/PVftxIA86PXiTY5M-LKP_ysLlQd55e0zZ6iJhVA-nBw/preset:view/plain/5b42fe7ccf125085f20b38e1341c8873-2993281485777585716.jpg', 'https://cdn.chotot.com/jm3XV4FPnc1g_xEO9tTF3-5aIWclKy3IyGo5ld08MOk/preset:view/plain/71ab80929fb46daa4d5c9380eeb969e8-2993281485786543246.jpg', 'https://cdn.chotot.com/kvvOzdSeTjkyEGS9zdiS8ZEsKFidf3z_i48UVSD6frs/preset:view/plain/4484c1eb7dd3f2ce7c0114811091988f-2993281485769284423.jpg', 'https://cdn.chotot.com/3146e8ojNmAinunJBHTU-27O4Kl6KCPsNzo86BXQC6I/preset:view/plain/e77da6948985d0825a816a8b5899c94a-2993281485871920394.jpg', 'https://cdn.chotot.com/F2rDPF4fPxfNYYvMuhSlmiGf6tvmUTD1e9IaXnfuyjo/preset:view/plain/8c9e8c8c445cad518fa0ee8862b8a523-2993281485903114067.jpg']",[],True,False,False,False,False,0,[],10.795761,133570976,1788971775000,"10.7957607,106.6201794",osm:W1267653597,106.62018,8,,[],3900000,0.13,"3,9 triệu/tháng",False,[],0,https://cdn.chotot.com/admincentre/location/10x796561_106x620979_c.jpg,0.0008,https://cdn.chotot.com/admincentre/location/10x796561_106x620979_c_v2.jpg,,13,Tp Hồ Chí Minh,TP Hồ Chí Minh,13000,"{'avatar': 'https://cdn.chotot.com/uac2/25051644', 'full_name': 'Nguyễn Danh Thiên', 'live_ads': 22, 'sold_ads': 30}",30,m²,[],[],accepted,active,0,Đường Gò Dầu,,"🌄PHÒNG CÓ GÁC_CỬA SỔ TRỜI_SẴN NỘI THẤT GIỮA VHU & HUIT_GÒ DẦU, TÂN PHÚ",https://cdn.chotot.com/EtMi6NQ89KYbTQePlAa0gXnisUaZ42TlUrgcWWLVykA/preset:listing/plain/e07e92b949b58c3ef987cfec14772709-2993281485625218184.jpg,u,0379fb33e42c360cdcc5a7e51067ad4d,[],9317,Phường Tân Quý,Phường Tân Sơn Nhì,https://cdn.chotot.com/Jo1alQp6QNhIjxyTIU5wdOI69n0GXaEYUbTonn7wZ_w/preset:listing/plain/e07e92b949b58c3ef987cfec14772709-2993281485625218184.webp,True,3900000.0,,,"{'address': 'Đường Gò Dầu, Phường Tân Quý, Quận Tân Phú, Thành phố Hồ Chí Minh, Việt Nam', 'alias': 'U93RYHr0CWnHO5Y', 'createdDate': '1762507130', 'modifiedDate': 1788617764, 'name': 'Trai Trẻ Có Phòng Rẻ', 'profileImageUrl': 'https://cdn.chotot.com/QVpCwRRF4z_E_HByZAXf_zKgPwVz0gtkf4RA8ciKO6s/preset:shopava/plain/9cf17e9fb5b1bf54edac5fa7d93e244b-2956995311097709436.jpg', 'service_type': 'membership', 'shopsCategoriesRelationships': [{'categoryId': 1000}], 'status': 'accepted', 'urls': [{'url': 'traitrecophongre'}], 'working_area_display': 'Quận 11,Quận Bình Tân,Quận Tân Bình,Quận Tân Phú (Tp Hồ Chí Minh)'}",U93RYHr0CWnHO5Y,30.0,,,,,2.0,,,,
25051644,Nguyễn Danh Thiên,86ff721703d578717389065fdb9a47c2,[],176673655,[],108,Quận Bình Tân,13108,https://cdn.chotot.com/uac2/25051644,"Dự án: 
Thông tin chi tiết: PHÒNG CÓ GÁC 2🍠X_KHU NGÃ TƯ BỐN XÃ_MÃ LÒ, BÌNH TÂN

- giờ giấc tự do, kg chung chủ
- camera 24/7, đạt chuẩn Pccc
- cổng vân tay
- Gần lê văn quới, mã lò, bình trị đông, hương lộ 2, tỉnh lộ 10,…
- hỗ trợ thêm nội thất theo yêu cầu cho khách

- Giảm 200k tháng đầu cho khách chốt liền

📞Call/Mes/Zalo:  Danh Thiên 

Nhanh tay nhắn tin để Thiên hỗ trợ tư vấn chi tiết, xem phòng , deal giá",[],1050,Phòng trọ,2,[],38 phút trước,"{'seo_structure': {'items': [{'id': 'size', 'label': 'Diện tích', 'value': '27 m²'}, {'id': 'furnishing_rent', 'label': 'Tình trạng nội thất', 'value': 'Nhà trống'}]}}",[],Nguyễn Danh Thiên,https://cdn.chotot.com/2DerdcCsO0MIlpOtnz0rFZxb7LI9oTcuEaGc_73PBr8/preset:listing/plain/a024bb9019bef292eb361cf3d14dae16-2988146995093127869.jpg,"[{'image': 'https://cdn.chotot.com/bdPAOFVSBdssPu8vJWSHqyqDJOVxe1LORLbzTmm2XUU/preset:view/plain/a024bb9019bef292eb361cf3d14dae16-2988146995093127869.jpg', 'thumbnail': 'https://cdn.chotot.com/2DerdcCsO0MIlpOtnz0rFZxb7LI9oTcuEaGc_73PBr8/preset:listing/plain/a024bb9019bef292eb361cf3d14dae16-2988146995093127869.jpg'}, {'image': 'https://cdn.chotot.com/ALDAkK6gx0EVqC53ZuSsrjWM78hRma9MOHC1m5fUEIY/preset:view/plain/b703af1377445d48e495a21ccbe9557d-2988146995166147095.jpg', 'thumbnail': 'https://cdn.chotot.com/3zZ9UMp96-vg-dsRarGkVM-l1mCPL0-04dsUdmaeyc4/preset:listing/plain/b703af1377445d48e495a21ccbe9557d-2988146995166147095.jpg'}, {'image': 'https://cdn.chotot.com/M_kJHgpLDFLx_zX70wDft0SBQSXk8qnQhrMBVSi63Jw/preset:view/plain/449cfba5f64b00c8fcb2535b7acbcec5-2988146995125283535.jpg', 'thumbnail': 'https://cdn.chotot.com/UuYiLU1Hme3PNa9KHaaBUodiCJap1MxL4HIhDR4alLM/preset:listing/plain/449cfba5f64b00c8fcb2535b7acbcec5-2988146995125283535.jpg'}, {'image': 'https://cdn.chotot.com/tIL-b8HmpyUWonkdRAcoEB2KPf60_NdKSOJ0pTuY6aw/preset:view/plain/74a7ad1fc21e7bb27c0f510f94fde0c7-2988146995241994374.jpg', 'thumbnail': 'https://cdn.chotot.com/FQpF4GKmXtbHK4bkPcJLpshxTMn-ZnKD7ueOQmj6ej4/preset:listing/plain/74a7ad1fc21e7bb27c0f510f94fde0c7-2988146995241994374.jpg'}]","['https://cdn.chotot.com/bdPAOFVSBdssPu8vJWSHqyqDJOVxe1LORLbzTmm2XUU/preset:view/plain/a024bb9019bef292eb361cf3d14dae16-2988146995093127869.jpg', 'https://cdn.chotot.com/ALDAkK6gx0EVqC53ZuSsrjWM78hRma9MOHC1m5fUEIY/preset:view/plain/b703af1377445d48e495a21ccbe9557d-2988146995166147095.jpg', 'https://cdn.chotot.com/M_kJHgpLDFLx_zX70wDft0SBQSXk8qnQhrMBVSi63Jw/preset:view/plain/449cfba5f64b00c8fcb2535b7acbcec5-2988146995125283535.jpg', 'https://cdn.chotot.com/tIL-b8HmpyUWonkdRAcoEB2KPf60_NdKSOJ0pTuY6aw/preset:view/plain/74a7ad1fc21e7bb27c0f510f94fde0c7-2988146995241994374.jpg', 'https://cdn.chotot.com/IL8eE9s02JYRWFVMAgjY56Iu5zkRvqUiKvPPzDEfxSI/preset:view/plain/df3d9c5b6fd9e1efed5fbdecd1c070fe-2988146995252761477.jpg', 'https://cdn.chotot.com/gW9NQeUKzNcxGf8fE_nBEoH9p58MY4YK_MP7vSLf-yA/preset:view/plain/0cf2412fb5e5a8364411dc0e2bc09dae-2988146995215003121.jpg', 'https://cdn.chotot.com/VP5vcVg2f98l-jJcoHR3M4Z8O5u9nD3TmhfoTQNZ5sg/preset:view/plain/10277f6cd2e91181f5c11d02141fb821-2988146995239475422.jpg']",[],True,False,False,False,False,0,[],10.7823,132897689,1788971716000,"10.7823004,106.5992453",osm:W608784055,106.59924,7,,[],2400000,0.08888889,"2,4 triệu/tháng",False,[],0,https://cdn.chotot.com/admincentre/location/10x783100_106x600045_c.jpg,0.0008,https://cdn.chotot.com/admincentre/location/10x783100_106x600045_c_v2.jpg,,13,Tp Hồ Chí Minh,TP Hồ Chí Minh,13000,"{'avatar': 'https://cdn.chotot.com/uac2/25051644', 'full_name': 'Nguyễn Danh Thiên', 'live_ads': 22, 'sold_ads': 30}",27,m²,[],[],accepted,active,0,Đường Mã Lò,,"PHÒNG CÓ GÁC 2🍠X_GẦN NGÃ TƯ BỐN XÃ_MÃ LÒ, BÌNH TÂN",https://cdn.chotot.com/2DerdcCsO0MIlpOtnz0rFZxb7LI9oTcuEaGc_73PBr8/preset:listing/plain/a024bb9019bef292eb361cf3d14dae16-2988146995093127869.jpg,u,36964fe27089fad9330e6dcf5f7b1850,[],9457,Phường Bình Hưng Hoà A,Phường Bình Hưng Hòa,https://cdn.chotot.com/gBO0EFuE8iCMsaJw5ZzYfOoEuWQw4d47DH3aYek-gFs/preset:listing/plain/a024bb9019bef292eb361cf3d14dae16-2988146995093127869.webp,True,2400000.0,,,"{'address': 'Đường Gò Dầu, Phường Tân Quý, Quận Tân Phú, Thành phố Hồ Chí Minh, Việt Nam', 'alias': 'U93RYHr0CWnHO5Y', 'createdDate': '1762507130', 'modifiedDate': 1788617764, 'name': 'Trai Trẻ Có Phòng Rẻ', 'profileImageUrl': 'https://cdn.chotot.com/QVpCwRRF4z_E_HByZAXf_zKgPwVz0gtkf4RA8ciKO6s/preset:shopava/plain/9cf17e9fb5b1bf54edac5fa7d93e244b-2956995311097709436.jpg', 'service_type': 'membership', 'shopsCategoriesRelationships': [{'categoryId': 1000}], 'status': 'accepted', 'urls': [{'url': 'traitrecophongre'}], 'working_area_display': 'Quận 11,Quận Bình Tân,Quận Tân Bình,Quận Tân Phú (Tp Hồ Chí Minh)'}",U93RYHr0CWnHO5Y,30.0,,,,,3.0,,,,
25051644,Nguyễn Danh Thiên,86ff721703d578717389065fdb9a47c2,[],165735721,[],108,Quận Bình Tân,13108,https://cdn.chotot.com/uac2/25051644,"𝐏𝐇𝐎̀𝐍𝐆 𝐓𝐑𝐎̣ 𝐂𝐎́ 𝐆𝐀́𝐂, 𝐓𝐇𝐀𝐍𝐆 𝐌𝐀́𝐘 𝐆𝐀̂̀𝐍 𝐀𝐄𝐎𝐍 𝐁𝐈̀𝐍𝐇 𝐓𝐀̂𝐍 - 𝐆𝐈𝐀́𝐏 𝐐𝐔𝐀̣̂𝐍 𝟔.

Đư𝐨̛̀𝐧𝐠 𝐓𝐞̂𝐧 𝐋𝐮̛̉𝐚, 𝐁𝐢̀𝐧𝐡 𝐓𝐫𝐢̣ Đ𝐨̂𝐧𝐠 𝐁, 𝐁𝐢̀𝐧𝐡 𝐓𝐚̂𝐧

Tiện ích:

.thang máy
.máy giặt sấy
.khoá vân tay
.máy lạnh, tủ đồ, kệ bếp
.đạt chuẩn Pccc, nhà xe rộng

➖➖➖➖➖➖
𝑧𝑎𝑙𝑜/𝑚𝑒𝑠𝑠/𝑐𝑎𝑙𝑙 (𝗗𝗮𝗻𝗵 𝗧𝗵𝗶𝗲̂𝗻) - Chuyên tư vấn hỗ trợ tìm phòng mọi mức giá

Tiktok: #traitrẻcóphòngrẻ
Email   nguyendanhthien0103@gmail.com

#Tânphú #Bìnhtân #Duplex #Studio #phòngtrọgiárẻ #đạihọccôngthương #đạihọcvănhiến",[],1050,Phòng trọ,2,[],38 phút trước,"{'seo_structure': {'items': [{'id': 'size', 'label': 'Diện tích', 'value': '30 m²'}, {'id': 'furnishing_rent', 'label': 'Tình trạng nội thất', 'value': 'Nội thất đầy đủ'}]}}",[],Nguyễn Danh Thiên,https://cdn.chotot.com/krgqV5m7PNE3ttKTUoFRC2w3SQSEw0Gh7SqOT9ZBJ-Y/preset:listing/plain/5acd0e9d8f6cd67204950d47e3c6d5af-2922035611670192443.jpg,"[{'image': 'https://cdn.chotot.com/VbC3IpWBGG7ckAgO8Pi9mO5japG8_Bw04pwQ4so4ves/preset:view/plain/5acd0e9d8f6cd67204950d47e3c6d5af-2922035611670192443.jpg', 'thumbnail': 'https://cdn.chotot.com/krgqV5m7PNE3ttKTUoFRC2w3SQSEw0Gh7SqOT9ZBJ-Y/preset:listing/plain/5acd0e9d8f6cd67204950d47e3c6d5af-2922035611670192443.jpg'}, {'image': 'https://cdn.chotot.com/ZjCoFgDSNv0Y3Zfpew8QOVkrKptR9gGzCzo2i_q1l6Q/preset:view/plain/13b49b43df9863f095c5a963732ab0e1-2922035612513071620.jpg', 'thumbnail': 'https://cdn.chotot.com/pP_WW8xioIk1mWqslYDyvQIs4G1xcEjqkFvx7MU8bAw/preset:listing/plain/13b49b43df9863f095c5a963732ab0e1-2922035612513071620.jpg'}, {'image': 'https://cdn.chotot.com/aX8TG_xsq1wieNvkUTLdXo-Bei3jBDNV6rd4tlqQQi4/preset:view/plain/c54dfdb426afe46a3a25d4a6f059d9ed-2922035611822676817.jpg', 'thumbnail': 'https://cdn.chotot.com/x7oP5UhM6yQURGSAYqCLvDGH_9RRzka7fOLuUJEgCZ0/preset:listing/plain/c54dfdb426afe46a3a25d4a6f059d9ed-2922035611822676817.jpg'}, {'image': 'https://cdn.chotot.com/fQppqT6_ujpXlFKEpzbSzhhPzlbKeDy8f9QzcjfiXds/preset:view/plain/69e669f2da2ea8770024cc5eee12c8cf-2922035611597119991.jpg', 'thumbnail': 'https://cdn.chotot.com/aoCUTVnfI0tMO1wmh9qdf38xUA49UiB6Z0WC5PtVmdM/preset:listing/plain/69e669f2da2ea8770024cc5eee12c8cf-2922035611597119991.jpg'}]","['https://cdn.chotot.com/VbC3IpWBGG7ckAgO8Pi9mO5japG8_Bw04pwQ4so4ves/preset:view/plain/5acd0e9d8f6cd67204950d47e3c6d5af-2922035611670192443.jpg', 'https://cdn.chotot.com/ZjCoFgDSNv0Y3Zfpew8QOVkrKptR9gGzCzo2i_q1l6Q/preset:view/plain/13b49b43df9863f095c5a963732ab0e1-2922035612513071620.jpg', 'https://cdn.chotot.com/aX8TG_xsq1wieNvkUTLdXo-Bei3jBDNV6rd4tlqQQi4/preset:view/plain/c54dfdb426afe46a3a25d4a6f059d9ed-2922035611822676817.jpg', 'https://cdn.chotot.com/fQppqT6_ujpXlFKEpzbSzhhPzlbKeDy8f9QzcjfiXds/preset:view/plain/69e669f2da2ea8770024cc5eee12c8cf-2922035611597119991.jpg']",[],True,False,False,False,True,0,[],10.756586,123459079,1788971681000,"10.7565856,106.6089902",osm:W1302938327,106.60899,4,,[],3000000,0.1,3 triệu/tháng,False,[],0,https://cdn.chotot.com/admincentre/location/10x757386_106x609790_c.jpg,0.0008,https://cdn.chotot.com/admincentre/location/10x757386_106x609790_c_v2.jpg,,13,Tp Hồ Chí Minh,TP Hồ Chí Minh,13000,"{'avatar': 'https://cdn.chotot.com/uac2/25051644', 'full_name': 'Nguyễn Danh Thiên', 'live_ads': 22, 'sold_ads': 30}",30,m²,[],[],accepted,active,0,Đường Tên Lửa,,"PHÒNG TRỌ CÓ GÁC, THANG MÁY GẦN AEON BÌNH TÂN_GIÁP QUẬN 6_TÊN LỬA",https://cdn.chotot.com/krgqV5m7PNE3ttKTUoFRC2w3SQSEw0Gh7SqOT9ZBJ-Y/preset:listing/plain/5acd0e9d8f6cd67204950d47e3c6d5af-2922035611670192443.jpg,u,20c95f90edd915d7733f82a75c156fe3,[],9461,Phường Bình Trị Đông B,Phường An Lạc,https://cdn.chotot.com/hFER7g_GfWEsMFX7O3eM1A6jxygHP7uLsEpdJOz-vk8/preset:listing/plain/5acd0e9d8f6cd67204950d47e3c6d5af-2922035611670192443.webp,True,3000000.0,,,"{'address': 'Đường Gò Dầu, Phường Tân Quý, Quận Tân Phú, Thành phố Hồ Chí Minh, Việt Nam', 'alias': 'U93RYHr0CWnHO5Y', 'createdDate': '1762507130', 'modifiedDate': 1788617764, 'name': 'Trai Trẻ Có Phòng Rẻ', 'profileImageUrl': 'https://cdn.chotot.com/QVpCwRRF4z_E_HByZAXf_zKgPwVz0gtkf4RA8ciKO6s/preset:shopava/plain/9cf17e9fb5b1bf54edac5fa7d93e244b-2956995311097709436.jpg', 'service_type': 'membership', 'shopsCategoriesRelationships': [{'categoryId': 1000}], 'status': 'accepted', 'urls': [{'url': 'traitrecophongre'}], 'working_area_display': 'Quận 11,Quận Bình Tân,Quận Tân Bình,Quận Tân Phú (Tp Hồ Chí Minh)'}",U93RYHr0CWnHO5Y,30.0,,,,,2.0,,,,
17846490,Trọng Nghĩa,e7b25cf236dc8ab4f59055fae4eac51f,[],178424722,[],112,Quận Tân Bình,13112,https://cdn.chotot.com/uac2/17846490,"- Công khai: 4tr/tháng

Nội thất gồm: máy lạnh, tủ quần áo, giường, kệ bếp...

🏡Địa chỉ: 133 Trần Thị Trọng, Tân Sơn, Tân Bình
- Tiện di chuyển: Trường Chinh, Emart Phan Huy Ích, Công viên Phần Mềm Quang Trung,Phạm Văn Bạch, Huỳnh Văn Nghệ, Nguyễn Tư Giản, Nguyễn Sỹ Sách, Cống Lỡ, Trần Thị Trọng,Lê Văn Thọ, Quang Trung, Phạm Văn Chiêu, Phan Huy Ích, Nguyễn Văn Khối,…
+ Đường ô tô
+ Giờ giấc tự do
+ Ra vào vân tay
+ Không chung chủ

☎️Liên hệ sdt/zalo bên dưới",[],1050,Phòng trọ,1,[],39 phút trước,"{'seo_structure': {'items': [{'id': 'size', 'label': 'Diện tích', 'value': '35 m²'}, {'id': 'furnishing_rent', 'label': 'Tình trạng nội thất', 'value': 'Nội thất đầy đủ'}]}}",[],Trọng Nghĩa,https://cdn.chotot.com/3I8GT_p13FF05YADUYLM0KRbMwJ5MoWkAppt5zN7DNs/preset:listing/plain/e155fbe4feca2a3fd0e9790c3be85356-3000668389630938576.jpg,"[{'image': 'https://cdn.chotot.com/d4bEjH7_v-OmFjvqSVOGk-m2kLbZD8ozhW_4ps5eTxI/preset:view/plain/e155fbe4feca2a3fd0e9790c3be85356-3000668389630938576.jpg', 'thumbnail': 'https://cdn.chotot.com/3I8GT_p13FF05YADUYLM0KRbMwJ5MoWkAppt5zN7DNs/preset:listing/plain/e155fbe4feca2a3fd0e9790c3be85356-3000668389630938576.jpg'}, {'image': 'https://cdn.chotot.com/ReILJh0OL9oFqM3J-uBxm9sD994iHBnPLMbpVpuLNv4/preset:view/plain/370d7bb8d407f7cbdd9f11b7bf28aeab-3000668393534947857.jpg', 'thumbnail': 'https://cdn.chotot.com/M9h2H7ogeQrzq8RqKioF1DSlSMuKcCvNXNJXt2NISH0/preset:listing/plain/370d7bb8d407f7cbdd9f11b7bf28aeab-3000668393534947857.jpg'}, {'image': 'https://cdn.chotot.com/5Uf6t2zobVB_vYsh_2M3LSSKUItrZDlFTlcG5mFI0oc/preset:view/plain/f2e9c45cf8c7ff192aa809697356a00b-3000668392105068151.jpg', 'thumbnail': 'https://cdn.chotot.com/68YTAm7faEPYkkdv5ueAZU92IRGfgCUn9hyoKklfM4s/preset:listing/plain/f2e9c45cf8c7ff192aa809697356a00b-3000668392105068151.jpg'}, {'image': 'https://cdn.chotot.com/m7pv6uaovh13JtwUVtlP4fJp7Q9h4UyAZVL40yqRya4/preset:view/plain/59f27f8a6a9ba6745853f86119acd00b-3000668392939378053.jpg', 'thumbnail': 'https://cdn.chotot.com/PZ55XB2wsBGijjnXl4sWE2KAYpLB5BBeTtBVYEdhyH4/preset:listing/plain/59f27f8a6a9ba6745853f86119acd00b-3000668392939378053.jpg'}]","['https://cdn.chotot.com/d4bEjH7_v-OmFjvqSVOGk-m2kLbZD8ozhW_4ps5eTxI/preset:view/plain/e155fbe4feca2a3fd0e9790c3be85356-3000668389630938576.jpg', 'https://cdn.chotot.com/ReILJh0OL9oFqM3J-uBxm9sD994iHBnPLMbpVpuLNv4/preset:view/plain/370d7bb8d407f7cbdd9f11b7bf28aeab-3000668393534947857.jpg', 'https://cdn.chotot.com/5Uf6t2zobVB_vYsh_2M3LSSKUItrZDlFTlcG5mFI0oc/preset:view/plain/f2e9c45cf8c7ff192aa809697356a00b-3000668392105068151.jpg', 'https://cdn.chotot.com/m7pv6uaovh13JtwUVtlP4fJp7Q9h4UyAZVL40yqRya4/preset:view/plain/59f27f8a6a9ba6745853f86119acd00b-3000668392939378053.jpg', 'https://cdn.chotot.com/1bHv5pCjG1bAowq_XZjnFtL7_lhK736OegqigJSSLA0/preset:view/plain/7326b8b6e218963c773a4459cd3613dc-3000668390407395214.jpg', 'https://cdn.chotot.com/JLixM185uCH6xLTM-65LK2apEp1_glISwxlC-C0rmTM/preset:view/plain/5ed37d9bd89058b667ea758712ad9a7c-3000668394110520784.jpg', 'https://cdn.chotot.com/o6aMy_jR9MmhmJm_EkCGhEy6zMlCm7Px2yV7KshcJgQ/preset:view/plain/e5c6e53536a2de2a1c44e1ece63f0189-3000668393680847656.jpg', 'https://cdn.chotot.com/JA0p_xu5wkxuzESqRbQ3L-pUl_ezi4M5_vr7z6aniuc/preset:view/plain/5a4fdf7635b6c3d142069d6bd5ded3da-3000668393411596082.jpg', 'https://cdn.chotot.com/164MEX7mfU0yqAvwMYqlKmw2qFXb_4fLJE44WpCTuio/preset:view/plain/7ae60687ab8deb5730b374f27a3d68a2-3000668393410033110.jpg']",[],True,False,False,False,False,0,[],10.826097,134391433,1788971621942,"10.8260967,106.6337752",osm:W32576912,106.63377,9,1787846815000.0,[],4000000,0.114285715,4 triệu/tháng,True,[],0,https://cdn.chotot.com/admincentre/location/10x8260967_106x6337752.jpg,0.0008,https://cdn.chotot.com/admincentre/location/10x8260967_106x6337752_v2.jpg,,13,Tp Hồ Chí Minh,TP Hồ Chí Minh,13000,"{'avatar': 'https://cdn.chotot.com/uac2/17846490', 'full_name': 'Trọng Nghĩa', 'live_ads': 28, 'sold_ads': 14}",35,m²,[],[],accepted,active,0,Đường Trần Thị Trọng,1.0,CHO THUÊ PHÒNG CỬA SỔ LỐI ĐI RIÊNG ĐƯỜNG TRẦN THỊ TRỌNG,https://cdn.chotot.com/3I8GT_p13FF05YADUYLM0KRbMwJ5MoWkAppt5zN7DNs/preset:listing/plain/e155fbe4feca2a3fd0e9790c3be85356-3000668389630938576.jpg,u,9959076ddf844a640d03eb31ab899c12,"[{'gif_url': 'https://videodelivery.net/fb230982005808f39e37612fc6ba8545/thumbnails/thumbnail.gif?width=144&height=216&duration=3s&fps=15&fit=crop', 'id': 'fb230982005808f39e37612fc6ba8545', 'thumbnail': 'https://videodelivery.net/fb230982005808f39e37612fc6ba8545/thumbnails/thumbnail.jpg', 'url': 'https://videodelivery.net/fb230982005808f39e37612fc6ba8545/manifest/video.m3u8'}]",9313,Phường 15,Phường Tân Sơn,https://cdn.chotot.com/UuQo56XrtECB72p3I11D2hQw4MUs-OT32-9wKlcOo5A/preset:listing/plain/e155fbe4feca2a3fd0e9790c3be85356-3000668389630938576.webp,True,4000000.0,True,False,"{'address': 'Đường Phạm Văn Chiêu, Phường 16, Quận Gò Vấp, Thành phố Hồ Chí Minh, Việt Nam', 'alias': 'JNC8VBb8vhI2XTs', 'createdDate': '1763278371', 'modifiedDate': 1786545048, 'name': 'TrọngNghĩa', 'profileImageUrl': 'https://cdn.chotot.com/iJR94cFOrbiN0fl7JOPqfDxwvbeuyeLJa-y3YYXI6EU/preset:shopava/plain/8dd2306d06ca82d68d6fe5ded71332c7-2958289977401376619.jpg', 'service_type': 'membership', 'shopsCategoriesRelationships': [{'categoryId': 1000}], 'status': 'accepted', 'urls': [{'url': 'trongnghia'}], 'working_area_display': 'Quận 12,Quận Bình Thạnh,Quận Gò Vấp,Quận Tân Bình (Tp Hồ Chí Minh)'}",JNC8VBb8vhI2XTs,14.0,,133,5.0,5.0,2.0,8.0,6.0,,
28728859,Duy Cường ,3a60efc385c989d2d78d1f1a582258b0,[],177761733,[],110,Quận Gò Vấp,13110,https://cdn.chotot.com/uac2/28728859,"Dự án: 
Thông tin chi tiết: 🏡 Phòng mới, sạch sẽ, thiết kế rộng rãi, phù hợp ở 1–2 người.
Chỉ tính điện nước

📍 Địa chỉ: Lê Văn Thọ, P.8, Gò Vấp

💰 Giá chỉ: 3.500.000đ/tháng

Tiện ích:
✅ Kệ bếp + bồn rửa tiện nấu ăn
✅ Tủ đồ lớn 
✅ Cửa sổ thoáng
✅ WC riêng sạch sẽ
✅ Giờ giấc tự do
✅ Khu vực an ninh, yên tĩnh",[],1050,Phòng trọ,2,[],40 phút trước,"{'seo_structure': {'items': [{'id': 'size', 'label': 'Diện tích', 'value': '28 m²'}, {'id': 'furnishing_rent', 'label': 'Tình trạng nội thất', 'value': 'Nội thất đầy đủ'}]}}",[],Duy Cường ,https://cdn.chotot.com/g-nHoufGcSIaET7w87ZU_2XbmWXZ_Qg5DSriIc_1qYM/preset:listing/plain/4281b5bdc3d560b8f324186317f3dfb1-3001025899497416022.jpg,"[{'image': 'https://cdn.chotot.com/Xqk_-UGtZ-8j3-5wOooDBfKPfrykz6TOOp33crAAiPE/preset:view/plain/4281b5bdc3d560b8f324186317f3dfb1-3001025899497416022.jpg', 'thumbnail': 'https://cdn.chotot.com/g-nHoufGcSIaET7w87ZU_2XbmWXZ_Qg5DSriIc_1qYM/preset:listing/plain/4281b5bdc3d560b8f324186317f3dfb1-3001025899497416022.jpg'}, {'image': 'https://cdn.chotot.com/yYVdyhz5pKPfHdJjXgBdUA_N4oxJdxZMzmHFho5Mw6A/preset:view/plain/ca41e740741b071e5a3a91edd3e5afb3-3001025899519978907.jpg', 'thumbnail': 'https://cdn.chotot.com/ifRpYw-oCm3Pp7aYWDtbA3RN7IRL4kUaxx-zu_vXroM/preset:listing/plain/ca41e740741b071e5a3a91edd3e5afb3-3001025899519978907.jpg'}, {'image': 'https://cdn.chotot.com/TrrzkCNqtWBXSVoCRisLiIJXf2GFUz7Ik3SkLaaA3sc/preset:view/plain/78a322c0bebe25e44b9ee1e5f7885c14-3001025899599995380.jpg', 'thumbnail': 'https://cdn.chotot.com/Wbdy0ebcVGPTppO5ZkdqzYqpgcGDRwVpbcxTj6sajVk/preset:listing/plain/78a322c0bebe25e44b9ee1e5f7885c14-3001025899599995380.jpg'}]","['https://cdn.chotot.com/Xqk_-UGtZ-8j3-5wOooDBfKPfrykz6TOOp33crAAiPE/preset:view/plain/4281b5bdc3d560b8f324186317f3dfb1-3001025899497416022.jpg', 'https://cdn.chotot.com/yYVdyhz5pKPfHdJjXgBdUA_N4oxJdxZMzmHFho5Mw6A/preset:view/plain/ca41e740741b071e5a3a91edd3e5afb3-3001025899519978907.jpg', 'https://cdn.chotot.com/TrrzkCNqtWBXSVoCRisLiIJXf2GFUz7Ik3SkLaaA3sc/preset:view/plain/78a322c0bebe25e44b9ee1e5f7885c14-3001025899599995380.jpg']",[],True,False,False,False,False,0,[],10.838813,133826406,1788971581689,"10.8388125,106.6577193",osm:W599657043,106.65772,3,1788750808000.0,[],3500000,0.125,"3,5 triệu/tháng",True,[],0,https://cdn.chotot.com/admincentre/location/10x839612_106x658519_c.jpg,0.0008,https://cdn.chotot.com/admincentre/location/10x839612_106x658519_c_v2.jpg,,13,Tp Hồ Chí Minh,TP Hồ Chí Minh,13000,"{'avatar': 'https://cdn.chotot.com/uac2/28728859', 'full_name': 'Duy Cường ', 'live_ads': 12, 'sold_ads': 2}",28,m²,[],[],accepted,active,0,Đường Lê Văn Thọ,0.0,STUDIO CHỈ TÍNH ĐIỆN NƯỚC,https://cdn.chotot.com/g-nHoufGcSIaET7w87ZU_2XbmWXZ_Qg5DSriIc_1qYM/preset:listing/plain/4281b5bdc3d560b8f324186317f3dfb1-3001025899497416022.jpg,u,8f9b88f50d445e05c9cbf58d891725ed,[],9276,Phường 8,Phường Thông Tây Hội,https://cdn.chotot.com/yAEfsOhvjoelVtqLTdWRmCXTLG5IteZjC1Ri_7yX58w/preset:listing/plain/4281b5bdc3d560b8f324186317f3dfb1-3001025899497416022.webp,True,3500000.0,,,,,2.0,,,5.0,5.0,2.0,3.0,2.0,,
27707254,Quốc Pha Mira Đúng hình đúng giá,37dbf48322400c4e887ffc631915fe7f,[],178187185,[],102,Quận 7,13102,https://cdn.chotot.com/uac2/27707254,"Dự án: 
Thông tin chi tiết: ⭐️ 2 KHÔNG GIAN NGỦ

⭐️ Full sẵn nội thất

⭐️ Giờ giấc tự do

⭐️ Ở được 4 người

⭐️ Nằm giữa ĐH TDTU và UFM

⭐️ Chi phí:
Điện 3k5/kwh
Nước 25k/khối
Rác 50k/phòng
Wifi free
Xe free
Phí quản lí free

⭐️ Xem phòng Liên hệ",[],1050,Phòng trọ,2,[],41 phút trước,"{'seo_structure': {'items': [{'id': 'size', 'label': 'Diện tích', 'value': '35 m²'}, {'id': 'furnishing_rent', 'label': 'Tình trạng nội thất', 'value': 'Nội thất đầy đủ'}]}}",[],Quốc Pha Mira Đúng hình đúng giá,https://cdn.chotot.com/t4SVAbN5WAhEzykP9KXodZwlnPy6Is_W9uvN3efGe9w/preset:listing/plain/cbbf47c28c35dccbd404005808262d41-2998000644201925140.jpg,"[{'image': 'https://cdn.chotot.com/BLI9deqAw32NLgzXdBNX-ur6idGSWLTKaRU-w6Zw_0g/preset:view/plain/cbbf47c28c35dccbd404005808262d41-2998000644201925140.jpg', 'thumbnail': 'https://cdn.chotot.com/t4SVAbN5WAhEzykP9KXodZwlnPy6Is_W9uvN3efGe9w/preset:listing/plain/cbbf47c28c35dccbd404005808262d41-2998000644201925140.jpg'}, {'image': 'https://cdn.chotot.com/M_sLwZe9NcSPWRGuN-bFWUy8zrcwEJm30DvnWA2NWxM/preset:view/plain/b9a6d23172536990469014fae257ca72-2998000644410202732.jpg', 'thumbnail': 'https://cdn.chotot.com/_YciHP7EkNTGUUZuE2ra8xaUAGwtIl7LevkKv8xKAVo/preset:listing/plain/b9a6d23172536990469014fae257ca72-2998000644410202732.jpg'}, {'image': 'https://cdn.chotot.com/D3CNrMn0RZ1xM3VPbMV8M3scdlZIiJbvx3gGRsA76z0/preset:view/plain/0dc202e9af1491f1a5dbccb54608fae6-2998000644376952539.jpg', 'thumbnail': 'https://cdn.chotot.com/ll7_at491qgXnRsnxG6_e5f3GLrjzOyfA5IRlQFGFlM/preset:listing/plain/0dc202e9af1491f1a5dbccb54608fae6-2998000644376952539.jpg'}, {'image': 'https://cdn.chotot.com/3h7X4_HjmtEZQ6QSoXSM3VCzVbOX0Ne2eIcKDim6QYw/preset:view/plain/7d1925d62ff1a8768b472af90d2aeca7-2998000644352227855.jpg', 'thumbnail': 'https://cdn.chotot.com/DBQuPp3-E3SN2kK7HklWXEwVVRjdq36sWMdq1oZozys/preset:listing/plain/7d1925d62ff1a8768b472af90d2aeca7-2998000644352227855.jpg'}]","['https://cdn.chotot.com/BLI9deqAw32NLgzXdBNX-ur6idGSWLTKaRU-w6Zw_0g/preset:view/plain/cbbf47c28c35dccbd404005808262d41-2998000644201925140.jpg', 'https://cdn.chotot.com/M_sLwZe9NcSPWRGuN-bFWUy8zrcwEJm30DvnWA2NWxM/preset:view/plain/b9a6d23172536990469014fae257ca72-2998000644410202732.jpg', 'https://cdn.chotot.com/D3CNrMn0RZ1xM3VPbMV8M3scdlZIiJbvx3gGRsA76z0/preset:view/plain/0dc202e9af1491f1a5dbccb54608fae6-2998000644376952539.jpg', 'https://cdn.chotot.com/3h7X4_HjmtEZQ6QSoXSM3VCzVbOX0Ne2eIcKDim6QYw/preset:view/plain/7d1925d62ff1a8768b472af90d2aeca7-2998000644352227855.jpg', 'https://cdn.chotot.com/UQQ5SSH7bHMQajsAFWQaPH7T_lLxZy7cAfEhFv0daqE/preset:view/plain/0e80a199192053a39f003ed38fadc3f9-2998000644419335713.jpg', 'https://cdn.chotot.com/Xoo7y1t-ERO3Q7J0YfKPhj821A_yt5RdDVpAzIIPSNw/preset:view/plain/614d86f6dff35c01d4d40e345458771f-2998000644329676433.jpg', 'https://cdn.chotot.com/gKQB0ZR9C4RezC0WaB71pTLsGE9HluM2Nomw_5sTQzQ/preset:view/plain/bacd4fc8185abd29b883d3afde4a3600-2998000644470218590.jpg', 'https://cdn.chotot.com/Ajwr1mey_-EC8fShB9INl7DARFZy8k7tpr0riMB0Gno/preset:view/plain/b09c6dc5ad38654907fabd0141f00080-2998000644435673878.jpg']",[],True,False,False,False,False,0,[],10.742552,134190059,1788971533000,"10.7425522,106.704021",osm:W33572001,106.70402,8,,[],5700000,0.16285715,"5,7 triệu/tháng",False,[],0,https://cdn.chotot.com/admincentre/location/10x743352_106x704821_c.jpg,0.0008,https://cdn.chotot.com/admincentre/location/10x743352_106x704821_c_v2.jpg,,13,Tp Hồ Chí Minh,TP Hồ Chí Minh,13000,"{'avatar': 'https://cdn.chotot.com/uac2/27707254', 'full_name': 'Quốc Pha Mira Đúng hình đúng giá', 'live_ads': 7, 'sold_ads': 1}",35,m²,[],[],accepted,active,0,Đường Lê Văn Lương,0.0,"GẦN ĐẠI HỌC TÔN ĐỨC THẮNG, RMIT, UFM - Ở 4 người, FREE WIFI, DỊCH VỤ",https://cdn.chotot.com/t4SVAbN5WAhEzykP9KXodZwlnPy6Is_W9uvN3efGe9w/preset:listing/plain/cbbf47c28c35dccbd404005808262d41-2998000644201925140.jpg,u,540476c267dd2d213d6ed4b6031d80bb,[],9471,Phường Tân Quy,Phường Tân Hưng,https://cdn.chotot.com/Y-sIBPby2FZqef30ZbR4iedSshY_97_2EBc6GKdcLeg/preset:listing/plain/cbbf47c28c35dccbd404005808262d41-2998000644201925140.webp,True,5700000.0,,,,,1.0,,,,,2.0,,,,
