listing_id,source,url,title,description,price_vnd_month,price_is_negotiable,area_m2,address_raw,room_type,posted_at_raw,phone_hash,image_urls,n_images,city
alonhadat_unknown,alonhadat,https://alonhadat.com.vn/16012090.html.html,Khai Trương CCMN 89 Phan Kế Bính Ba Đình 25-30m2 Studio Ban Công Thang Máy Gần Chợ,"+ Khai Trương CCMN Ngõ 89 Phan Kế Bính Ba Đình 25-30m2 Studio Ban Công Thang Máy Gần Chợ.
+ Hiện nhà trống rất nhiều phòng đẹp phục vị quý khách hàng, Không gian phòng ấm áp, Khu vực giao thông thuận tiện , Ngõ thông thoáng , Cửa sổ sáng thoáng view đẹp, , Khu vực hiếm nhà đẹp tương tự như trên cho thuê.
+ Giao thông thuận tiện :Võ Chí Công ,Lạc Long Quân , Hoàng Quốc Việt , Nguyễn Khánh Toàn , Đội Cấn , Thụy Khê , Hoàng Hoa Thám , Phan Đình Phùng , Hoàng Diệu , Lê Hồng Phong , Kim Mã...
+ Hệ Thống PCCC Tiên Tiến Nhất , Khu vực để xe rộng rãi , Khu phơi thoáng rộng .

🏠Địa chỉ: Ngõ 89 phan kế Bính - ba đình (thông Ngõ 92 đào tấn ) . 
   Mã A752  BGO HOME


⏰Tình trạng : trống các tầng trục 01,02,03,04

💰Giá : 4tr6 4tr9 5tr1 5tr3 Tùy theo phòng
                      
👉Studio 
👉 Diện tích: 25 - 30m2

🛋️Nội thất: như hình ,có giặt sấy chung 

⚡️Dịch vụ: 
điện 4k,nước 100k/ng, dịch vụ chung 230k/ng, internet 100k/phòng,free 2 xe

🆘Ghi chú 
Được nuôi mèo k nuôi chó 
Khách qua điện trước 30p

+ Liên hệ em Kiên CCMN để xem nhà ( CAM KẾT ĐĂNG ẢNH ĐÚNG THỰC TRẠNG NHÀ )",4600000.0,False,30.0,"Phố Đội cấn,Phường Ngọc Hà,Hà NộiPhố Đội cấn, Phường Vĩnh Phúc, Quận Ba Đình, Hà Nội(cũ)Liên hệ:M.TùngĐiện thoại:0902.205.979",phòng trọ,Ngày đăng: Hôm qua,8bbfe180b1661b734494ffb50a59abad2dc7f4b3f568f0bd0a419045cd8d8ff5,"[""https://alonhadat.com.vn/files/properties/2025/3/6/images/016012090-0852-cho-thue-phong-tro-nha-tro-ha-noi.jpg"", ""https://alonhadat.com.vn/files/properties/2025/3/6/images/116012090-0852-cho-thue-phong-tro-nha-tro-quan-ba-dinh-chinh-chu.jpg"", ""https://alonhadat.com.vn/files/properties/2025/3/6/images/216012090-0852-cho-thue-phong-tro-nha-tro-quan-ba-dinh-chinh-chu.jpg"", ""https://alonhadat.com.vn/files/properties/2025/3/6/images/316012090-0852-cho-thue-phong-tro-nha-tro-quan-ba-dinh.jpg"", ""https://alonhadat.com.vn/files/properties/2025/3/6/images/416012090-0852-cho-thue-phong-tro-nha-tro-ha-noi.jpg"", ""https://alonhadat.com.vn/files/properties/2025/3/6/images/516012090-0852-cho-thue-phong-tro-nha-tro-ha-noi-chinh-chu.jpg"", ""https://alonhadat.com.vn/files/properties/2025/3/6/images/616012090-0852-cho-thue-phong-tro-nha-tro-quan-ba-dinh-gia-re.jpg"", ""https://alonhadat.com.vn/files/properties/2025/3/6/images/716012090-0852-cho-thue-phong-tro-nha-tro-quan-ba-dinh-gia-re.jpg""]",8,hanoi
alonhadat_unknown,alonhadat,https://alonhadat.com.vn/16280331.html.html,Cho Thuê CCMN 236 Đại Từ  Hoàng Mai 30m2 1N1K Ban Công Giặt Riêng Thang Máy Ô Tô Đỗ Cửa,"+ Khai Trương chung cư mini Ngõ 236 Đại Từ  Hoàng Mai 30m2 1N1K Ban Công Giặt Riêng Thang Máy Ô Tô Đỗ Cửa. 
+ Vị trí đẹp nhất khu vực, Rất nhiều phòng đẹp trống phục vụ quý khách , Không gian nhà ấm cúng ở sướng , Ban công view đẹp, Ban công thoáng, Đặc biệt khu để xe cực rộng rãi, Gần chợ lớn.
+ Đặc biệt gần Trường Đại Học Thăng Long  , Đại học Hà Nội , Khoa Học Xã Hội Và Nhân Văn , Đại học An Ninh, Kiến Trúc , Bưu Chính Viễn Thông...
+ Giao thông thuận tiện : Thanh Liệt , Cầu Bươu , Phan Trọng Tuệ , Nguyễn Xiển , Trịnh Đình Cửa , Giải Phóng , Hoàng Liệt , Tựu Liệt , Ngọc Hồi, Nguyễn Trãi , Tân Triều, Khương Đình, Định Công...
+ Hệ Thống PCCC An Toàn , Khu Để Xe Rộng Rãi, Ban Công Phơi Thoáng , Máy Giặt Riêng..

⏰  Trống vào luôn nhiều phòng 
  
🎀 KHAI TRƯƠNG NHÀ MỚI
Mã : Ts187 PVH HOME

🏡 Địa chỉ : 236 Đại Từ - Đại Kim - Hoàng Mai 
( Đối diện hồ công viên Linh Đàm ) 
⏰ Trống 
________________
🎍 giá : 5tr3 - 5tr5
🎍 Phòng : 1n1k ( 30m2 ) Ban Công 
🎍 Thang Máy 

❣Nội thất : Giường, tủ, bàn ghế, sofa, máy giặt , tủ lạnh, điều hoà, nóng lạnh,...

❣Dịch vụ : Điện 4k/s, nước 35k/kh, mạng 100k/ph, DVC 150k/ng

🛑 Lưu ý: 
- Thanh toán 1 cọc 1
- Ô tô đỗ cửa 
- Khách qua gọi trước 30p

+ Liên hệ Kiên CCMN để xem nhà ( CAM KẾT ĐĂNG ẢNH ĐÚNG THỰC TRẠNG NHÀ )",5300000.0,False,30.0,"Đường Tam Trinh,Phường Lĩnh Nam,Hà NộiĐường Tam Trinh, Phường Lĩnh Nam, Quận Hoàng Mai, Hà Nội(cũ)Liên hệ:Phạm Quang MinhĐiện thoại:0988.566.754",phòng trọ,Ngày đăng: Hôm qua,e687bff6b7db4fe158cd03adc7398124c6ca8b9b0b770c8f21ab29bffbf3f558,"[""https://alonhadat.com.vn/files/properties/2025/4/11/images/016280331-4551-cho-thue-phong-tro-nha-tro-quan-hoang-mai-gia-re.jpg"", ""https://alonhadat.com.vn/files/properties/2025/4/11/images/116280331-4551-cho-thue-phong-tro-nha-tro-quan-hoang-mai.jpg"", ""https://alonhadat.com.vn/files/properties/2025/4/11/images/216280331-4551-cho-thue-ccmn-236-dai-tu-hoang-mai-30m2-1n1k-ban-cong-giat-rieng-thang-may-o-to-do-cua.jpg"", ""https://alonhadat.com.vn/files/properties/2025/4/11/images/316280331-4551-cho-thue-phong-tro-nha-tro-quan-hoang-mai-gia-re.jpg"", ""https://alonhadat.com.vn/files/properties/2025/4/11/images/416280331-4551-cho-thue-phong-tro-nha-tro-ha-noi-gia-re.jpg"", ""https://alonhadat.com.vn/files/properties/2025/4/11/images/516280331-4551-cho-thue-phong-tro-nha-tro-quan-hoang-mai-chinh-chu.jpg"", ""https://alonhadat.com.vn/files/properties/2025/4/11/images/616280331-4551-cho-thue-phong-tro-nha-tro-ha-noi.jpg"", ""https://alonhadat.com.vn/files/properties/2025/4/11/images/716280331-4551-cho-thue-phong-tro-nha-tro-ha-noi.jpg""]",8,hanoi
alonhadat_unknown,alonhadat,https://alonhadat.com.vn/16531808.html.html,Cho Thuê CCMN 168 Kim Giang Hoàng Mai 30m2 Gác Xép Ban Công Cửa Sổ Thang Bộ Full Nội Thất,"+ Khai Trương Tòa Nhà Ngõ 168 Kim Giang Hoàng Mai 30m2 Gác Xép Ban Công Cửa Sổ Thang Bộ Full Nội Thất Gần Chợ. 
+ Nằm ở vị trí trung tâm ,Tòa nhà hiện còn rất nhiều phòng trống phục vụ quý khách, Vài bước chân ra phố , Phòng lấy sáng cực tốt , rất thoáng , Ban công view đẹp phơi quần áo rộng rãi , Phòng mới nội thất đẹp.
+ Khu vực cực hiếm nhà CCMN đẹp tương tự cho thuê , Khu vực dân trí cao , Dân cư đông đúc , Tiện ích ngập tràn , An ninh đảm bảo, Hàng xóm thân thiện ở sướng...
+ Giao thông thuận tiện :Khuất Duy Tiến ,Trần Phú , Nguyễn Xiển, Nguyễn Trãi, Nguyễn Tuân , Vũ Trọng Phụng , Quan Nhân , Chính Kinh , Kim Giang, Đại Từ....
+ Nhiều trường Đại Học vây quanh : Đại học Thủy Lợi , Đại Học Y Hà Nội , Trường Đại Học Hà Nội , Khoa Học Xã Hội Và Nhân Văn, Đại Học Bưu Chính Viễn Thông , Đại Học Kiến Trúc , Học Viện Công An , Đại Học Thăng Long...
+ Hệ thống PCCC An Toàn, Khu để xe rộng rãi, Ban Công Máy Giặt Riêng , Ngõ Ba Gác..
🌻KHAI TRƯƠNG NHÀ MỚI                                                                                                                                                              
HD 6 tháng.    

 Mã 433 Thiên Minh Land

🏢 Địa chỉ : Ngõ 168 Kim Giang - Hoàng Mai
 
 🍁trống vào luôn
 
💸Giá 3tr - 3tr5

 👉 Phòng gác xép 
 👉 thang bộ 
 👉 Diện tích 25m2
 
 🍀Nội thất : điều hòa , nóng lạnh, gác xép , tủ quần áo , máy giặt chung, bàn ghế, bàn bếp chậu rửa.
 
 🍀Dịch vụ 
 Điện 4k / số 
 Nước 35k / khối 
 Mạng 100k / phòng 
 Dịch vụ chung 100k / người ( vệ sinh , máy giặt chung)
 
 ❌ LƯU Ý 
 - Hợp đồng 6 -12 tháng 
 - Thanh toán 1 cọc 1 
 - Được nuôi pet 
 - Không giới hạn người ở , tối đa 2 xe
- Không nhận xe điện
+ Liên hệ em Kiên CCMNđể xem nhà ( CAM KẾT ĐĂNG ẢNH ĐÚNG THỰC TRẠNG NHÀ )",3000000.0,False,30.0,"Đường Lĩnh Nam,Phường Lĩnh Nam,Hà NộiĐường Lĩnh Nam, Phường Lĩnh Nam, Quận Hoàng Mai, Hà Nội(cũ)Liên hệ:Phúc HậuĐiện thoại:0814.564.567",phòng trọ,Ngày đăng: Hôm qua,e687bff6b7db4fe158cd03adc7398124c6ca8b9b0b770c8f21ab29bffbf3f558,"[""https://alonhadat.com.vn/files/properties/2025/5/18/images/016531808-5407-cho-thue-phong-tro-nha-tro-quan-hoang-mai-gia-re.jpg"", ""https://alonhadat.com.vn/files/properties/2025/5/18/images/116531808-5407-cho-thue-phong-tro-nha-tro-quan-hoang-mai.jpg"", ""https://alonhadat.com.vn/files/properties/2025/5/18/images/216531808-5407-cho-thue-phong-tro-nha-tro-quan-hoang-mai-gia-re.jpg"", ""https://alonhadat.com.vn/files/properties/2025/5/18/images/316531808-5407-cho-thue-phong-tro-nha-tro-quan-hoang-mai.jpg"", ""https://alonhadat.com.vn/files/properties/2025/5/18/images/416531808-5407-cho-thue-phong-tro-nha-tro-ha-noi-chinh-chu.jpg"", ""https://alonhadat.com.vn/files/properties/2025/5/18/images/516531808-5407-cho-thue-ccmn-168-kim-giang-hoang-mai-30m2-gac-xep-ban-cong-cua-so-thang-bo-full-noi-that.jpg"", ""https://alonhadat.com.vn/files/properties/2025/5/18/images/616531808-5407-cho-thue-phong-tro-nha-tro-quan-hoang-mai.jpg"", ""https://alonhadat.com.vn/files/properties/2025/5/18/images/716531808-5407-cho-thue-phong-tro-nha-tro-ha-noi.jpg""]",8,hanoi
alonhadat_unknown,alonhadat,https://alonhadat.com.vn/16650421.html.html,"Chung cư mini số 6 ngõ 270 Phú Diễn, Bắc Từ Liêm , Gần Đại học Tài Nguyên phòng đẹp fullđồ","Cho thuê Chung cư mini số 6 ngõ 270 Phú Diễn, Bắc Từ Liêm , Gần Đại học Tài Nguyên, oto đỗ cửa
- Phòng 20m2 Có thang máy, WC khép kín, điều hòa, bình nóng lạnh, giường, tủ quần áo, sofa. Tủ lạnh
- Không chung chủ, giờ giấc tự do, an ninh tốt
- Nhà sạch sẽ, yên tĩnh, Có nhân viên vệ sinh
- Nhà để xe miễn phí, phơi đồ sân thượng 
Giá giảm còn phòng 2tr3 - 2tr6
Điện 4k, nước 100k, mạng 80k/1p, vệ sinh + thang máy 100k
Liên hệ chủ nhà",2300000.0,False,30.0,"Đường Đức Diễn,Phường Phú Diễn,Hà NộiĐường Đức Diễn, Phường Phú Diễn, Quận Bắc Từ Liêm, Hà Nội(cũ)",phòng trọ,Ngày đăng: Hôm qua,11207d902400d596add10a5092bf6220fb6db84c93bee8cc6ce87d949c7daa06,"[""https://alonhadat.com.vn/files/properties/2025/6/5/images/116650421-5342-chung-cu-mini-so-6-ngo-270-phu-dien-bac-tu-liem-gan-dai-hoc-tai-nguyen-phong-dep-fulldo.jpg"", ""https://alonhadat.com.vn/files/properties/2025/6/5/images/216650421-5342-cho-thue-phong-tro-nha-tro-ha-noi-chinh-chu.jpg"", ""https://alonhadat.com.vn/files/properties/2025/6/5/images/316650421-5342-cho-thue-phong-tro-nha-tro-quan-bac-tu-liem-gia-re.jpg"", ""https://alonhadat.com.vn/files/properties/2025/6/6/images/016650421-3542-cho-thue-phong-tro-nha-tro-ha-noi-chinh-chu.jpg""]",4,hanoi
alonhadat_unknown,alonhadat,https://alonhadat.com.vn/17191245.html.html,Cho Thuê CCMN 141 Quan Nhân Thanh Xuân 35m2 1N1K Ban Công Cửa Sổ Giặt Riêng Thang Máy,"+ Khai Trương Tòa Nhà CCMN Ngõ 142 Quan Nhân Thanh Xuân 25m2 Studio Gác Xép Ban Công Thang Máy Giặt Riêng.
+ Khu vực cực hiếm nhà CCMN đẹp tương tự cho thuê , Khu vực dân trí cao , Dân trí cao , Tiện ích ngập tràn , An ninh đảm bảo, Hàng xóm thân thiện ở sướng...
+ Giao thông thuận tiện :Khuất Duy Tiến , Trường Chinh, Tây Sơn , Trần Phú , Thái Hà , Láng, Khương Trung , Nguyễn Trãi, Nguyễn Tuân , Vũ Trọng Phụng , Nguyễn Trãi , Chính Kinh....
+ Nhiều trường Đại Học vây quanh : Đại học Thủy Lợi , Đại Học Y Hà Nội , Trường Đại Học Hà Nội , Khoa Học Xã Hội Và Nhân Văn, Đại Học Bưu Chính Viễn Thông , Đại Học Kiến Trúc , Học Viện Công An...
+ Hệ thống PCCC An Toàn, Khu để xe rộng rãi , Ngõ to rộng thông trăm ngả , Khu giặt phơi riêng thoáng..
🌻KHAI TRƯƠNG NHÀ MỚI                                                                                                                                                              

🌹6th 
Mã : Ts512

🏡 Địa chỉ : ngách 8 ngõ 141  Quan Nhân - Thanh Xuân 
⏰ Trống 
————————
🎍 giá : 5tr
🎍 Phòng : Studio 
🎍 Thang Máy

⏰ Trống 
————————
🎍 giá : 6tr6,7tr - 6tr8,7tr5
🎍 Phòng : 1n1k ( 30-35m2 ) Ban Công 
🎍 Thang Máy

❣Nội thất : Full đồ

❣Dịch vụ : Điện 4k?số, Nước 35k/ khối, Wifi 100K/P, Dvc 150k/ người, xe máy free 
- Nhận xe điện +200k/xe/th

🛑 Lưu ý: 
- Thanh toán 1 cọc 1
- Không giới hạn người và xe, nhận xe điện
- Nhận khách Tây, Được nuôi Pét nhỏ
- Oto đỗ cửa 80m,.
- Khách qua gọi trước 30p


+ Liên hệ em Kiên CCMN để xem nhà ( CAM KẾT ĐĂNG ẢNH ĐÚNG THỰC TRẠNG NHÀ )",6600000.0,False,30.0,"Đường Hoàng Đạo Thành,Phường Thanh Xuân,Hà NộiĐường Hoàng Đạo Thành, Phường Thanh Xuân, Quận Thanh Xuân, Hà Nội(cũ)Liên hệ:M.TùngĐiện thoại:0902.205.979",phòng trọ,Ngày đăng: Hôm qua,3edf737d7956a6ad5625c2a7e88d8c5ae2598d641289c5887c2e29a7f6dcd4f1,"[""https://alonhadat.com.vn/files/properties/2025/8/25/images/017191245-4657-cho-thue-phong-tro-nha-tro-ha-noi-chinh-chu.jpg"", ""https://alonhadat.com.vn/files/properties/2025/8/25/images/117191245-4657-cho-thue-phong-tro-nha-tro-ha-noi-gia-re.jpg"", ""https://alonhadat.com.vn/files/properties/2025/8/25/images/217191245-4657-cho-thue-phong-tro-nha-tro-quan-thanh-xuan.jpg"", ""https://alonhadat.com.vn/files/properties/2025/8/25/images/317191245-4657-cho-thue-phong-tro-nha-tro-ha-noi-chinh-chu.jpg"", ""https://alonhadat.com.vn/files/properties/2025/8/25/images/417191245-4657-cho-thue-phong-tro-nha-tro-ha-noi-chinh-chu.jpg"", ""https://alonhadat.com.vn/files/properties/2025/8/25/images/517191245-4657-cho-thue-phong-tro-nha-tro-ha-noi.jpg"", ""https://alonhadat.com.vn/files/properties/2025/8/25/images/617191245-4657-cho-thue-phong-tro-nha-tro-ha-noi-chinh-chu.jpg"", ""https://alonhadat.com.vn/files/properties/2025/8/25/images/717191245-4657-cho-thue-phong-tro-nha-tro-ha-noi-chinh-chu.jpg""]",8,hanoi
alonhadat_unknown,alonhadat,https://alonhadat.com.vn/17474117.html.html,Cho Thuê CCMN Ngõ 139 Tam Trinh Hoàng Mai 30m2 Studio Cửa Sổ Ban Công Giặt Riêng Thang Máy,"KHAI TRƯƠNG TÒA NHÀ CCMN Ngõ 139 Tam Trinh Hoàng Mai 30m2 Studio Cửa Sổ Ban Công Giặt Riêng Thang Máy Cách 50m Ra Phố To. 
+ Vị trí nhà đẹp ngõ thông trăm ngả , Ba gác phóng , Nhà mới đầy đủ nội thất đẹp , Thang máy nhập khẩu nguyên chiếc , Không gian phòng thoáng sáng , view đẹp, Ở rộng rãi.
+ Giao thông thuận tiện : Trường Chinh , Trương Định , Đại La , Thanh Nhàn , Minh Khai , Lê Duẩn , Giải Phóng , Kim Ngưu , Hoàng Mai, Bạch Mai , Tân Mai , Lĩnh Nam...
+ Gần nhiều trường đại học : Trường Đại Học Kinh Tế Kỹ Thuật Công Nghiệp , Đại Học Kinh Tế Quốc Dân, Đại Học Xây Dựng , Đại học Bách Khoa Hà Nội , Đại Học Kinh Tế, Trường Đại Học Kinh Doanh Và Công Nghệ....
+ Hệ Thống PCCC An toàn , Tủ lạnh riêng, Khu để xe rộng rãi , Khu giặt phơi riêng thoáng.

🎀 KHAI TRƯƠNG TOÀ MỚI

🌹6th 
Mã : Ts482

🏡 Địa chỉ : Ngõ 139 Tam Trinh - Hoàng Mai 
( Cách mặt đường chính 50m. Vị trí gần các trường ĐH lớn ) 
⏰ Trống 
________________
🎍 giá : 4tr5,4tr8,5tr2
🎍 Phòng : Studio
🎍 Thang Máy

❣Nội thất : Điều hoà, nóng lạnh, Giường, tủ quần áo, Tủ lạnh, máy giặt riêng, Bàn bếp, tủ bếp, hút mùi, Thiết bị vệ sinh
- Thang máy, Khoá cổng vân tay, Camera An Ninh, Wifi, để xe Free rộng rãi

❣Dịch vụ : Điện 4k/ Số, Nước 35k/ khối, Mạng 100k/ Phòng, Dịch vụ chung 150k/ người ( Thang máy, máy giặt, vệ sinh, điện nước chung, rác, ... )

🛑 Lưu ý: 
- Thanh toán 1 cọc 2 
- Khách qua gọi trước 30p

+ Liên hệ em Kiên CCMN để xem nhà ( CAM KẾT ĐĂNG ẢNH ĐÚNG THỰC TRẠNG NHÀ )",4500000.0,False,30.0,"Phố Tân Mai,Phường Tương Mai,Hà NộiPhố Tân Mai, Phường Tương Mai, Quận Hoàng Mai, Hà Nội(cũ)Liên hệ:Việt HùngĐiện thoại:0963.488.688",phòng trọ,Ngày đăng: Hôm qua,8bbfe180b1661b734494ffb50a59abad2dc7f4b3f568f0bd0a419045cd8d8ff5,"[""https://alonhadat.com.vn/files/properties/2025/10/11/images/017474117-5228-cho-thue-phong-tro-nha-tro-quan-hoang-mai-gia-re.jpg"", ""https://alonhadat.com.vn/files/properties/2025/10/11/images/117474117-5228-cho-thue-phong-tro-nha-tro-ha-noi.jpg"", ""https://alonhadat.com.vn/files/properties/2025/10/11/images/217474117-5228-cho-thue-phong-tro-nha-tro-ha-noi-gia-re.jpg"", ""https://alonhadat.com.vn/files/properties/2025/10/11/images/317474117-5228-cho-thue-phong-tro-nha-tro-quan-hoang-mai-chinh-chu.jpg"", ""https://alonhadat.com.vn/files/properties/2025/10/11/images/417474117-5228-cho-thue-phong-tro-nha-tro-quan-hoang-mai-gia-re.jpg"", ""https://alonhadat.com.vn/files/properties/2025/10/11/images/517474117-5228-cho-thue-phong-tro-nha-tro-ha-noi.jpg"", ""https://alonhadat.com.vn/files/properties/2025/10/11/images/617474117-5228-cho-thue-phong-tro-nha-tro-quan-hoang-mai-chinh-chu.jpg"", ""https://alonhadat.com.vn/files/properties/2025/10/11/images/717474117-5228-cho-thue-phong-tro-nha-tro-quan-hoang-mai.jpg""]",8,hanoi
alonhadat_unknown,alonhadat,https://alonhadat.com.vn/17926512.html.html,Cho Thuê CCMN 4 Đỗ Đức Dục Nam Từ Liêm 30m2 Studio Cửa Sổ Ban Công Thang Máy Hai Thoáng,"🌹HĐ 9th 
Mã : Ts077

🏡 Địa chỉ :  Ngõ 4 Đỗ Đức Dục - Nam Từ Liêm 
( Nhà thoáng trước sau, View Khách Sạn JW
⏰ 20-25/12 Trống : 11p
—————————
🎍 giá  : 5tr7-6tr9 
🎍 Phòng : Studio 
🎍 Thang Máy 

❣Nội thất : Điều hoà hai chiều, nóng lạnh, rèm, giường, tủ, tủ giày, bộ bàn phấn, gương toàn thân, tủ bếp, hút mùi, bếp từ âm
- Không 

❣Dịch vụ : Điện 4k/1kw, Nước 35k/khối, Dịch vụ 250k/ng, Wfi 100k/phòng

🛑 Lưu ý: 
- Thanh toán 1 cọc 1 ( Đóng 3 giảm 200k/th ) 
- Gh 4ng, Cho nuôi pet sạch sẽ
- Nhận xe điện ( Thêm 100k/th )
- Khách qua gọi trước 30p",5700000.0,False,30.0,"Đường Đình Thôn,Phường Từ Liêm,Hà NộiĐường Đình Thôn, Phường Từ Liêm, Quận Nam Từ Liêm, Hà Nội(cũ)",phòng trọ,Ngày đăng: Hôm qua,3d1fcb9c8f7c29cd00cdfec41f4c6d314c790047327dfb1b0e90b8328a2c6b3b,"[""https://alonhadat.com.vn/files/properties/2025/12/18/images/017926512-5928-cho-thue-phong-tro-nha-tro-ha-noi-gia-re.jpg"", ""https://alonhadat.com.vn/files/properties/2025/12/18/images/117926512-5928-cho-thue-phong-tro-nha-tro-quan-nam-tu-liem.jpg"", ""https://alonhadat.com.vn/files/properties/2025/12/18/images/217926512-5928-cho-thue-phong-tro-nha-tro-ha-noi-gia-re.jpg"", ""https://alonhadat.com.vn/files/properties/2025/12/18/images/317926512-5928-cho-thue-phong-tro-nha-tro-ha-noi-chinh-chu.jpg"", ""https://alonhadat.com.vn/files/properties/2025/12/18/images/417926512-5928-cho-thue-phong-tro-nha-tro-quan-nam-tu-liem.jpg"", ""https://alonhadat.com.vn/files/properties/2025/12/18/images/517926512-5928-cho-thue-phong-tro-nha-tro-ha-noi.jpg"", ""https://alonhadat.com.vn/files/properties/2025/12/18/images/617926512-5928-cho-thue-phong-tro-nha-tro-quan-nam-tu-liem.jpg"", ""https://alonhadat.com.vn/files/properties/2025/12/18/images/717926512-5928-cho-thue-ccmn-4-do-duc-duc-nam-tu-liem-30m2-studio-cua-so-ban-cong-thang-may-hai-thoang.jpg""]",8,hanoi
alonhadat_unknown,alonhadat,https://alonhadat.com.vn/18002730.html.html,Cho Thuê CCMN 91 Nguyễn Chí Thanh Đống Đa 40m2 1N1K Cửa Sổ Ban Công Thang Máy Giặt Riêng,"Cho Thuê CCMN 91 Nguyễn Chí Thanh Đống Đa 40m2 1N1K Cửa Sổ Ban Công Thang Máy Giặt Riêng , Gần trường ĐH Luật Hà Nội
🌹6th 
Mã : Ts106 

🏡 Địa chỉ : ngách 91/40 Nguyễn Chí Thanh - Đống Đa 
⏰ Trống : P501,P601 
________________
🎍 giá : 7tr8 
🎍 Phòng : 1n1k ( 40m2 ) 
🎍 Thang Máy 

❣Nội thất : Sofa, bàn trà, giường, tủ quần áo, bàn làm việc,tủ bếp trên dưới, kệ tivi, tủ giày dép...

❣Dịch vụ : Điện: 4k/số. Nước 150k/ng. Wf 150k/p. DV chung 200k/p. Ô tô 1500k/xe. Xe máy 150k/xe.

🛑 Lưu ý: 
- Thanh toán 1 cọc 1,5 
- Khách qua gọi trước 30p",7800000.0,False,30.0,"Phố Trần Quang Diệu,Phường Ô Chợ Dừa,Hà NộiPhố Trần Quang Diệu, Phường Ô Chợ Dừa, Quận Đống Đa, Hà Nội(cũ)Liên hệ:HằngĐiện thoại:0988.183.187",phòng trọ,Ngày đăng: Hôm qua,3d1fcb9c8f7c29cd00cdfec41f4c6d314c790047327dfb1b0e90b8328a2c6b3b,"[""https://alonhadat.com.vn/files/properties/2025/12/31/images/018002730-0335-cho-thue-phong-tro-nha-tro-quan-dong-da-gia-re.jpg"", ""https://alonhadat.com.vn/files/properties/2025/12/31/images/118002730-0335-cho-thue-ccmn-91-nguyen-chi-thanh-dong-da-40m2-1n1k-cua-so-ban-cong-thang-may-giat-rieng.jpg"", ""https://alonhadat.com.vn/files/properties/2025/12/31/images/218002730-0335-cho-thue-phong-tro-nha-tro-quan-dong-da.jpg"", ""https://alonhadat.com.vn/files/properties/2025/12/31/images/318002730-0335-cho-thue-phong-tro-nha-tro-quan-dong-da.jpg"", ""https://alonhadat.com.vn/files/properties/2025/12/31/images/418002730-0335-cho-thue-phong-tro-nha-tro-ha-noi.jpg"", ""https://alonhadat.com.vn/files/properties/2025/12/31/images/518002730-0335-cho-thue-phong-tro-nha-tro-quan-dong-da-gia-re.jpg"", ""https://alonhadat.com.vn/files/properties/default.jpg""]",7,hanoi
alonhadat_unknown,alonhadat,https://alonhadat.com.vn/18518744.html.html,Cho Thuê CCMN 112 Ngọc Khánh Ba Đình 30m2 Studio Cửa Sổ Thang Máy Full Nội Thất Gần Chợ,"Khai Trương Phòng Trọ  CCMN 112 Ngọc Khánh Ba Đình 30m2 Studio Cửa Sổ Thang Máy Full Nội Thất Gần Chợ . Trống Nhiều Phòng
🌹HĐ 12th 
Mã : Ts303

🏡 Địa chỉ : Ngõ 112 Ngọc Khánh ngách 39 - Ba Đình 
⏰ Trống : Trục 01,02  
—————————
🎍 giá : 5tr4,5tr6  
🎍 Phòng : Studio
🎍 Thang Máy  

❣Nội thất : Full nội thất

❣Dịch vụ : Dịch vụ chung 200k/người (Mạng, Vệ sinh, Thang máy, Giặt sấy), Điện 4k/s, nước 35k/kh 

🛑 Lưu ý: 
- Thanh toán 1 cọc 1
- Gh 3ng/2xe 
- Khách qua gọi trước 30p",5400000.0,False,30.0,"Đường Đào Tấn,Phường Giảng Võ,Hà NộiĐường Đào Tấn, Phường Giảng Võ, Quận Ba Đình, Hà Nội(cũ)Liên hệ:Lê Trọng KiênĐiện thoại:0965.606.778",phòng trọ,Ngày đăng: Hôm qua,3edf737d7956a6ad5625c2a7e88d8c5ae2598d641289c5887c2e29a7f6dcd4f1,"[""https://alonhadat.com.vn/files/properties/2026/4/18/images/018518744-3715-cho-thue-phong-tro-nha-tro-quan-ba-dinh-gia-re.jpg"", ""https://alonhadat.com.vn/files/properties/2026/4/18/images/118518744-3715-cho-thue-phong-tro-nha-tro-ha-noi-gia-re.jpg"", ""https://alonhadat.com.vn/files/properties/2026/4/18/images/218518744-3715-cho-thue-phong-tro-nha-tro-ha-noi-chinh-chu.jpg"", ""https://alonhadat.com.vn/files/properties/2026/4/18/images/318518744-3715-cho-thue-phong-tro-nha-tro-quan-ba-dinh-chinh-chu.jpg"", ""https://alonhadat.com.vn/files/properties/2026/4/18/images/418518744-3715-cho-thue-phong-tro-nha-tro-ha-noi-chinh-chu.jpg"", ""https://alonhadat.com.vn/files/properties/2026/4/18/images/518518744-3715-cho-thue-phong-tro-nha-tro-quan-ba-dinh.jpg"", ""https://alonhadat.com.vn/files/properties/2026/4/18/images/618518744-3715-cho-thue-ccmn-112-ngoc-khanh-ba-dinh-30m2-studio-cua-so-thang-may-full-noi-that-gan-cho.jpg"", ""https://alonhadat.com.vn/files/properties/2026/4/18/images/718518744-3715-cho-thue-phong-tro-nha-tro-quan-ba-dinh.jpg""]",8,hanoi
alonhadat_unknown,alonhadat,https://alonhadat.com.vn/18614418.html.html,"CHO THUÊ PHÒNG TRỌ CHÍNH CHỦ – NGỤY NHƯ KON TUM - THANH XUÂN - GIÁ 1,5TR/THÁNG","CHO THUÊ NHÀ TRỌ TẦNG 4 CHÍNH CHỦ – NGỤY NHƯ KON TUM 🏢

📍 Địa chỉ: Số 33 ngõ 1 đường Ngụy Như Kon Tum
📐 Diện tích & giá thuê:
- Tầng 4: Gồm 2 phòng, diện tích 12m² (1,5tr/tháng) và 19m² (1,8tr/tháng)
✨ Ưu điểm:
✔ 2 mặt thoáng, nhiều ánh sáng tự nhiên
✔ Phù hợp làm văn phòng, kinh doanh online, studio nhỏ
✔ Khu vực thuận tiện di chuyển

❄ Có sẵn điều hòa
⚡ Điện: 3.500đ/số
💧 Nước: 100.000đ/người/tháng
📞 Liên hệ chính chủ: 0974592535",1800000.0,False,30.0,"Phố Ngụy Như Kon Tum,Phường Thanh Xuân,Hà NộiPhố Ngụy Như Kon Tum, Phường Thanh Xuân Bắc, Quận Thanh Xuân, Hà Nội(cũ)Liên hệ:Chính ChủĐiện thoại:0974 592 535",phòng trọ,Ngày đăng: 08/09/2026,c03c955c9468028f2307a16314b3f91317350e46c2f2bae603ae042c919f811f,"[""https://alonhadat.com.vn/files/properties/2026/5/7/images/20260507_043509_18614418_0.jpg"", ""https://alonhadat.com.vn/files/properties/2026/5/7/images/20260507_043509_18614418_1.jpg"", ""https://alonhadat.com.vn/files/properties/2026/5/7/images/20260507_043509_18614418_2.jpg"", ""https://alonhadat.com.vn/files/properties/2026/5/7/images/20260507_043509_18614418_3.jpg"", ""https://alonhadat.com.vn/files/properties/2026/5/7/images/20260507_043509_18614418_4.jpg"", ""https://alonhadat.com.vn/files/properties/default.jpg""]",6,hanoi
alonhadat_unknown,alonhadat,https://alonhadat.com.vn/18924122.html.html,CHO THUÊ PHÒNG TRỌ MINI DƯƠNG QUẢNG HÀM - CẦU GIẤY - GIÁ 3 TRIỆU - 30M2 - FULL ĐỒ,"CHO THUÊ PHÒNG TRỌ MINI DƯƠNG QUẢNG HÀM - CẦU GIẤY - GIÁ 3 TRIỆU
💎 PHÒNG ĐẸP Ở LUÔN – AN NINH CÓ BẢO VỆ
Vị trí: Dương Quảng Hàm, Cầu Giấy (Gần ĐH Thủ Đô, ĐH Quốc Gia, Sư Phạm, Báo Chí...).

Giá thuê: 3 Tr/tháng (Ở được ngay, sẵn đồ cơ bản).

⚡ CHI PHÍ DỊCH VỤ MINH BẠCH
Điện: 4k/số

Nước: 100k/người

Mạng: 100k/phòng

Dịch vụ chung: 150k/người

Gửi xe: 80k/xe (Có bảo vệ trông an ninh)

Liên hệ xem phòng ngay:",3000000.0,False,30.0,"Đường Nguyễn Khánh Toàn,Phường Nghĩa Đô,Hà NộiĐường Nguyễn Khánh Toàn, Phường Nghĩa Đô, Quận Cầu Giấy, Hà Nội(cũ)Liên hệ:Nguyễn DuyĐiện thoại:0929.893.588",phòng trọ,Ngày đăng: Hôm qua,44877bed83fb51b3209f5b332911723bd86b9248fa07d756864879ec53bb1206,"[""https://alonhadat.com.vn/files/properties/2026/7/21/images/018924122-5142-cho-thue-phong-tro-nha-tro-ha-noi.jpg"", ""https://alonhadat.com.vn/files/properties/2026/7/21/images/118924122-5142-cho-thue-phong-tro-nha-tro-ha-noi.jpg""]",2,hanoi
alonhadat_unknown,alonhadat,https://alonhadat.com.vn/18927325.html.html,CHO THUÊ CCMN CẦU GIẤY - ĐỐNG ĐA - BA ĐÌNH - TỪ LIÊM - 3TR - 15TR/THÁNG,"CHO THUÊ CCMN CẦU GIẤY - ĐỐNG ĐA - BA ĐÌNH - TỪ LIÊM - 3TR - 15TR/THÁNG
💎 PHÒNG ĐẸP Ở LUÔN – TỪ 3TR ĐẾN 15TR/THÁNG
Khu vực: Cầu Giấy, Đống Đa, Ba Đình, Nam Từ Liêm, Bắc Từ Liêm.

Phân khúc: 3 Triệu – 15 Triệu/tháng (Từ phòng Studio đến căn 1-3PN Full đồ).

Tiện ích: Thang máy, vân tay an ninh, PCCC chuẩn chỉ, bảo vệ 24/7, xách vali vào ở ngay.

Liên hệ ngay để nhận danh sách phòng và xem phòng miễn phí:

EM DŨNG NHÀ ĐẤT VIỆT",5000000.0,False,30.0,"Đường Yên Hòa,Phường Yên Hòa,Hà NộiĐường Yên Hòa, Phường Yên Hòa, Quận Cầu Giấy, Hà Nội(cũ)Liên hệ:Minh ThủyĐiện thoại:0983.705.069",phòng trọ,Ngày đăng: Hôm qua,44877bed83fb51b3209f5b332911723bd86b9248fa07d756864879ec53bb1206,"[""https://alonhadat.com.vn/files/properties/2026/7/22/images/018927325-3120-ban-phong-tro-nha-tro-quan-cau-giay-gia-re.jpg"", ""https://alonhadat.com.vn/files/properties/2026/7/22/images/118927325-3120-ban-phong-tro-nha-tro-quan-cau-giay-gia-re.jpg"", ""https://alonhadat.com.vn/files/properties/2026/7/22/images/218927325-3120-ban-phong-tro-nha-tro-quan-cau-giay-chinh-chu.jpg"", ""https://alonhadat.com.vn/files/properties/2026/7/22/images/318927325-3120-ban-phong-tro-nha-tro-quan-cau-giay-gia-re.jpg"", ""https://alonhadat.com.vn/files/properties/2026/7/22/images/418927325-3120-ban-phong-tro-nha-tro-quan-cau-giay-chinh-chu.jpg"", ""https://alonhadat.com.vn/files/properties/2026/7/22/images/518927325-3120-chinh-chu-cho-thue-ccmn-cau-giay-dong-da-ba-dinh-tu-liem-3tr-15tr-thang.jpg"", ""https://alonhadat.com.vn/files/properties/2026/7/22/images/618927325-3120-chinh-chu-cho-thue-ccmn-cau-giay-dong-da-ba-dinh-tu-liem-3tr-15tr-thang.jpg""]",7,hanoi
alonhadat_unknown,alonhadat,https://alonhadat.com.vn/18995058.html.html,CHO THUÊ CĂN HỘ FULL NỘI THẤT MỚI TINH TẠI HỒ TÙNG MẬU GOLDMARK,"Khu phân lô ô tô tránh, ngay cạnh chợ và trường học, hưởng trọn hệ tiện ích của Goldmark City.

✅ Diện tích: 52m²/sàn
✅ Nhà mới xây 6 tầng, thang máy nhập khẩu
✅ Full nội thất, chỉ việc xách vali vào ở
✅ Khu dân trí cao, an ninh tốt, giao thông thuận tiện
✅ Phù hợp hộ gia đình nhỏ, nhân viên văn phòng, người đi làm

💰 Giá thuê chỉ: 7 triệu/tháng

☎️ Liên hệ ngay để xem nhà và chốt căn đẹp!",7000000.0,False,30.0,"Đường Hoàng Công Chất,Phường Phú Diễn,Hà NộiĐường Hoàng Công Chất, Phường Phú Diễn, Quận Bắc Từ Liêm, Hà Nội(cũ)Liên hệ:Lê Thị LiênĐiện thoại:0342.580.674",phòng trọ,Ngày đăng: Hôm qua,021f00c4c64039bc66133098a8696bccebe1774df43929847067374159781daf,"[""https://alonhadat.com.vn/files/properties/2026/8/14/images/018995058-2008-cho-thue-phong-tro-nha-tro-quan-bac-tu-liem.jpg"", ""https://alonhadat.com.vn/files/properties/2026/8/14/images/118995058-2008-cho-thue-phong-tro-nha-tro-quan-bac-tu-liem.jpg"", ""https://alonhadat.com.vn/files/properties/2026/8/14/images/218995058-2008-cho-thue-phong-tro-nha-tro-quan-bac-tu-liem.jpg"", ""https://alonhadat.com.vn/files/properties/2026/8/14/images/318995058-2008-cho-thue-phong-tro-nha-tro-quan-bac-tu-liem.jpg"", ""https://alonhadat.com.vn/files/properties/2026/8/14/images/418995058-2008-cho-thue-phong-tro-nha-tro-quan-bac-tu-liem.jpg""]",5,hanoi
alonhadat_unknown,alonhadat,https://alonhadat.com.vn/18995087.html.html,"cho thuê căn hộ trong tòa nhà 6 tầng mới xây, thang máy nhập khẩu hiện đại.","CHO THUÊ CĂN HỘ FULL NỘI THẤT MỚI TINH – HỒ TÙNG MẬU

cho thuê căn hộ trong tòa nhà 6 tầng mới xây, thang máy nhập khẩu hiện đại.

📍 Vị trí Hồ Tùng Mậu, khu phân lô ô tô tránh, dân trí cao.
✅ Diện tích 55m²
✅ Full nội thất đẹp, mới 100%
✅ Nhà mới toanh, sạch sẽ, thoáng sáng
✅ Ngay cạnh chợ, trường học, siêu thị
✅ Hưởng trọn hệ tiện ích Goldmark City
✅ Giao thông thuận tiện, kết nối Mỹ Đình – Cầu Giấy – Nam Từ Liêm

💰 Giá thuê chỉ 7 triệu/tháng

📞 Liên hệ xem nhà ngay – căn đẹp, giá tốt, vào ở luôn!",7000000.0,False,30.0,"Đường Hoàng Công Chất,Phường Phú Diễn,Hà NộiĐường Hoàng Công Chất, Phường Phú Diễn, Quận Bắc Từ Liêm, Hà Nội(cũ)Liên hệ:Lê Thị LiênĐiện thoại:0342.580.674",phòng trọ,Ngày đăng: Hôm qua,021f00c4c64039bc66133098a8696bccebe1774df43929847067374159781daf,"[""https://alonhadat.com.vn/files/properties/2026/8/14/images/018995087-2547-cho-thue-phong-tro-nha-tro-quan-bac-tu-liem-gia-re.jpg"", ""https://alonhadat.com.vn/files/properties/2026/8/14/images/118995087-2547-cho-thue-phong-tro-nha-tro-quan-bac-tu-liem-gia-re.jpg"", ""https://alonhadat.com.vn/files/properties/2026/8/14/images/218995087-2547-cho-thue-phong-tro-nha-tro-quan-bac-tu-liem-chinh-chu.jpg"", ""https://alonhadat.com.vn/files/properties/2026/8/14/images/318995087-2547-cho-thue-phong-tro-nha-tro-quan-bac-tu-liem.jpg""]",4,hanoi
alonhadat_unknown,alonhadat,https://alonhadat.com.vn/19000740.html.html,CHO THUÊ CĂN HỘ FULL NỘI THẤT HỒ TÙNG MẬU – NGAY GOLDMARK CITY,"Khu phân lô cán bộ cao cấp Hồ Tùng Mậu
✨ Căn hộ khép kín full nội thất, chỉ việc xách vali vào ở
✨ Nhà 6 tầng thang máy, mỗi tầng 1 căn hộ riêng biệt
✨ Giá thuê chỉ từ 7 triệu/tháng/căn

🌟 Vị trí cực đẹp:
✅ Mặt bằng kinh doanh siêu VIP
✅ Trước cửa là chợ dân sinh sầm uất
✅ Vài bước chân tới trường học
✅ Hưởng trọn tiện ích KĐT Goldmark City
✅ Khu dân trí cao, an ninh tốt, giao thông thuận tiện

💥 Phù hợp hộ gia đình, người đi làm, chuyên gia, sinh viên chất lượng cao.

📞 Có thể thuê từng căn hoặc thuê cả tòa.",7000000.0,False,30.0,"Đường Cầu Giấy,Phường Cầu Giấy,Hà NộiĐường Cầu Giấy, Phường Cầu Giấy, Quận Cầu Giấy, Hà Nội(cũ)Liên hệ:Bùi Thị PhượngĐiện thoại:0978.850.085",phòng trọ,Ngày đăng: Hôm qua,021f00c4c64039bc66133098a8696bccebe1774df43929847067374159781daf,"[""https://alonhadat.com.vn/files/properties/2026/8/16/images/019000740-4907-cho-thue-can-ho-full-noi-that-ho-tung-mau-ngay-goldmark-city.jpg"", ""https://alonhadat.com.vn/files/properties/2026/8/16/images/119000740-4907-cho-thue-phong-tro-nha-tro-ha-noi-chinh-chu.jpg"", ""https://alonhadat.com.vn/files/properties/2026/8/16/images/219000740-4907-cho-thue-phong-tro-nha-tro-quan-cau-giay-chinh-chu.jpg"", ""https://alonhadat.com.vn/files/properties/2026/8/16/images/319000740-4907-cho-thue-phong-tro-nha-tro-ha-noi.jpg"", ""https://alonhadat.com.vn/files/properties/2026/8/16/images/419000740-4907-cho-thue-phong-tro-nha-tro-ha-noi.jpg""]",5,hanoi
alonhadat_unknown,alonhadat,https://alonhadat.com.vn/19042998.html.html,"🏠 CHÍNH CHỦ CHO NAM THUÊ PHÒNG ĐẸP 25M² – DỌC BÚN 1, LA KHÊ, HÀ ĐÔNG","Chính chủ cho NAM thuê phòng đẹp 25m2 ở Dọc Bún 1, La Khê, Hà Đông 
📅 Nhận phòng từ ngày 01/10/2026
 Phòng khép kín, sạch đẹp, đầy đủ tiện nghi, phù hợp cho cán bộ, công chức, sinh viên và người đi làm.
 ✨ Tiện nghi đầy đủ:điều hòa, tủ lạnh, bình nóng lạnh, tivi, máy giặt, giường, tủ, bàn ghế gỗ tốt, quạt trần, quạt cây, wifi tốc độ cao, chỗ nấu, chỗ phơi quần áo, wc khép kín...
+ Đảm bảo vệ sinh sạch, đẹp. An ninh tốt rất thuận lợi cho cuộc sống sinh hoạt học tập của cán bộ công chức, sinh viên và người đi làm. Cách chợ của khu phố và nhà hàng cơm, phở, hiệu giặt 100m.
💰 Giá thuê: 3.000.000đ/tháng
+ Đóng tiền từng tháng
+ Tiền cọc: 01 tháng
+ Điện, nước có công tơ riêng, tính theo giá Nhà nước
📌 Địa chỉ: Dọc Bún 1, La Khê, Hà Đông, Hà Nội.
📞 Liên hệ chính chủ: 0968.688.968
👉 Phòng đẹp, đầy đủ tiện nghi, giá hợp lý – ưu tiên nam thuê lâu dài.",3000000.0,False,30.0,"Đường Phùng Hưng,Phường Hà Đông,Hà NộiĐường Phùng Hưng, Phường Phúc La, Quận Hà Đông, Hà Nội(cũ)Liên hệ:Vũ Ngọc ĐiệpĐiện thoại:0379.283.456",phòng trọ,Ngày đăng: Hôm qua,4c548bdd5851408ce48d107e6350daf434c0672402d5583b4ccfdecc73b63e94,"[""https://alonhadat.com.vn/files/properties/2026/9/4/images/20260904_075847_19042998_0.jpg"", ""https://alonhadat.com.vn/files/properties/2026/9/4/images/20260904_075847_19042998_1.jpg"", ""https://alonhadat.com.vn/files/properties/2026/9/4/images/20260904_075847_19042998_2.jpg"", ""https://alonhadat.com.vn/files/properties/2026/9/4/images/20260904_075847_19042998_3.jpg""]",4,hanoi
alonhadat_unknown,alonhadat,https://alonhadat.com.vn/19051711.html.html,"Cho thuê CHDV mặt phố Hai Bà Trưng, 100m2, 2PN - 1 WC, Ban công thoáng, Nội thất VIP","Nhanh tay sở hữu căn hộ dịch vụ cho thuê tại phố Hai Bà Trưng, phường Cửa Nam, Hà Nội - quận Hoàn Kiếm, Hà Nội cũ. Căn hộ rộng 100m², thiết kế hiện đại, có 2 phòng ngủ và 1 phòng tắm, phù hợp cho gia đình hoặc nhóm bạn. Giá cho thuê chỉ 23 triệu VND.

+ Nội thất đầy đủ: điều hòa, giường, tủ lạnh, bếp...
+ Không gian thoáng đãng, ánh sáng tự nhiên
+ Khu vực an ninh, yên tĩnh

Căn hộ có những điểm nổi bật như: vị trí trung tâm, dễ dàng di chuyển đến các khu vực lân cận, thiết kế thông minh tối ưu hóa không gian sống.

Tiện ích xung quanh
- Bệnh viện K, Bệnh viện Trung ương Quân đội 108, Bệnh viện Da liễu Hà Nội
- Siêu thị Winmart+ 27 Ngô Thì Nhậm, Siêu thị Seika Mart
- Trường Cao đẳng Y tế Hà Nội, Trung tâm hỗ trợ phát triển tài năng điện ảnh TPD
- Công viên Thống Nhất

Để biết thêm chi tiết và tư vấn miễn phí, vui lòng liên hệ Lê Văn Thành qua số điện thoại",23000000.0,False,30.0,,phòng trọ,Ngày đăng: Hôm qua,886558ac23f375fd855ec65eb31a733c980bd05ec55cf73ce4873262c5930db7,"[""https://alonhadat.com.vn/files/properties/2026/9/7/images/019051711-3442-cho-thue-phong-tro-nha-tro-ha-noi.jpg"", ""https://alonhadat.com.vn/files/properties/2026/9/7/images/119051711-3442-cho-thue-chdv-mat-pho-hai-ba-trung-100m2-2pn-1-wc-ban-cong-thoang-noi-that-vip.jpg"", ""https://alonhadat.com.vn/files/properties/2026/9/7/images/219051711-3442-cho-thue-phong-tro-nha-tro-hoan-kiem-gia-re.jpg"", ""https://alonhadat.com.vn/files/properties/2026/9/7/images/319051711-3442-cho-thue-phong-tro-nha-tro-ha-noi-chinh-chu.jpg"", ""https://alonhadat.com.vn/files/properties/2026/9/7/images/419051711-3442-cho-thue-phong-tro-nha-tro-ha-noi-gia-re.jpg"", ""https://alonhadat.com.vn/files/properties/2026/9/7/images/519051711-3442-cho-thue-phong-tro-nha-tro-hoan-kiem-chinh-chu.jpg""]",6,hanoi
alonhadat_unknown,alonhadat,https://alonhadat.com.vn/19051743.html.html,"Cho thuê CHDV mặt phố Triệu Việt Vương, 50m2, 1PN 1WC, FULL nội thất, Ở ngay","Đường Triệu Việt Vương, phường Hai Bà Trưng, Hà Nội (quận Hai Bà Trưng, Hà Nội cũ) là căn hộ cho thuê với thiết kế hiện đại và tiện nghi. Căn hộ có:
- Cấu trúc: 1PN + 1 WC + bếp
- Giá thuê: 14,5 triệu VND
- Diện tích: 50m2

Điểm nổi bật:
- Nội thất cơ bản: điều hòa, giường, tủ lạnh...

Gần các tiện ích:
- Cách bệnh viện y học cổ truyền trung ương tầm 2km
- Cách siêu thị Nhật Bản Shikimart tầm 1,5km
- Cách công viên Thống Nhất tầm 2km

Liên hệ ngay để biết thêm thông tin chi tiết qua số điện thoại và liên hệ với Lê Văn Thành",14500000.0,False,30.0,"Phố Triệu Việt Vương,Phường Hai Bà Trưng,Hà NộiPhố Triệu Việt Vương, Phường Hai Bà Trưng, Quận Hai Bà Trưng, Hà Nội(cũ)Liên hệ:Lê Văn ThànhĐiện thoại:0362.653.444",phòng trọ,Ngày đăng: Hôm qua,886558ac23f375fd855ec65eb31a733c980bd05ec55cf73ce4873262c5930db7,"[""https://alonhadat.com.vn/files/properties/2026/9/7/images/019051743-5030-cho-thue-phong-tro-nha-tro-quan-hai-ba-trung-chinh-chu.jpg"", ""https://alonhadat.com.vn/files/properties/2026/9/7/images/119051743-5030-cho-thue-phong-tro-nha-tro-quan-hai-ba-trung.jpg"", ""https://alonhadat.com.vn/files/properties/2026/9/7/images/219051743-5030-cho-thue-phong-tro-nha-tro-ha-noi.jpg"", ""https://alonhadat.com.vn/files/properties/2026/9/7/images/319051743-5030-cho-thue-phong-tro-nha-tro-ha-noi.jpg""]",4,hanoi
alonhadat_unknown,alonhadat,https://alonhadat.com.vn/19056845.html.html,CHO THUÊ PHÒNG TRỌ KHÉP KÍN TẠI ĐƯỜNG PHÙNG HƯNG 22M2 GIÁ 3.5 TRIỆU,"Cần cho thuê phòng trọ tại đường Phùng Hưng – Hà Đông
Diện tích 22m2 khép kín full nội thất
Vị trí thuận tiện, đường ô tô tránh, 100m ra bến xe bus
Bán kính 2km là HV Bưu chính viễn thông, ĐH Kiến Trúc, HV An ninh, HV Kỹ thuật mật mã, ĐH Sư Phạm nhạc họa, ĐH Hà Nội...
Điện 3.8k/số
Nước 30k/m2
Dịch vụ 150k/người
Internnet 100k/phòng
Giá thuê 3.5 triệu
Liên hệ xem phòng mr Điệp 1988
Cảm ơn quý khách đã xem tin",3500000.0,False,30.0,"Đường Trần Phú,Phường Hà Đông,Hà NộiĐường Trần Phú, Phường Văn Quán, Quận Hà Đông, Hà Nội(cũ)Liên hệ:HằngĐiện thoại:0988.183.187",phòng trọ,Ngày đăng: Hôm qua,88607d5098054e0b55caf75513f7d87831c1b4ffc3d35adeadae3b75e3c97b7c,"[""https://alonhadat.com.vn/files/properties/2026/9/9/images/019056845-1136-cho-thue-phong-tro-nha-tro-ha-noi-chinh-chu.jpg"", ""https://alonhadat.com.vn/files/properties/2026/9/9/images/119056845-1136-cho-thue-phong-tro-nha-tro-ha-noi-chinh-chu.jpg"", ""https://alonhadat.com.vn/files/properties/2026/9/9/images/219056845-1136-cho-thue-phong-tro-nha-tro-quan-ha-dong-chinh-chu.jpg"", ""https://alonhadat.com.vn/files/properties/2026/9/9/images/319056845-1136-cho-thue-phong-tro-nha-tro-quan-ha-dong-chinh-chu.jpg"", ""https://alonhadat.com.vn/files/properties/2026/9/9/images/419056845-1136-cho-thue-phong-tro-nha-tro-quan-ha-dong-chinh-chu.jpg""]",5,hanoi
alonhadat_unknown,alonhadat,https://alonhadat.com.vn/19057246.html.html,Cho Thuê Nhà trọ phố hHoa lâm Việt Hưng Long Biên,"🔥 CHO THUÊ PHÒNG TRỌ – HOA LÂM, VIỆT HƯNG, LONG BIÊN 🔥
✅ TẦNG 1 – 40m²
Khép kín, sạch sẽ, thoáng mát
💰 Giá: 3.800.000₫/tháng
👥 Ở thoải mái: 3 – 5 người
✅ TẦNG 5 – 50m²
Rộng hơn, cao thoáng, khép kín hoàn toàn
💰 Giá: 4.500.000₫/tháng
👥 Ở thoải mái: 4 – 6 người
💡 CHI PHÍ RÕ RÀNG
• ⚡ Điện: 4.000₫/số
• 💧 Nước: 100.000₫/người/tháng
• 📶 Mạng internet: 100.000₫/người/tháng
• 🧹 Phí dịch vụ: 100.000₫/người/tháng
→ Bao gồm: máy giặt chung, điện khu chung, bếp chung, vệ sinh công cộng, thu gom rác
• 🧊 Tủ lạnh riêng (nếu cần): + 200.000₫/tháng
🛋️ NỘI THẤT SẴN CÓ
✅ Điều hòa ✅ Bình nóng lạnh ✅ Giường + đệm
✅ Tủ quần áo lớn ✅ Máy giặt chung ✅ Bếp nấu chung đầy đủ.
🛵 Gara để xe tầng 1
⚠️ QUY ĐỊNH RÕ RÀNG
📝 Hợp đồng ký tối thiểu: 12 tháng
💵 Thanh toán: Cọc 1 tháng – Đóng tiền 1 tháng/lần
📍 Vị trí: Khu vực Hoa Lâm – Việt Hưng, Long Biên – giao thông thuận tiện, đầy đủ tiện ích xung quanh",3800000.0,False,30.0,"Đường Hoa Lâm,Phường Việt Hưng,Hà NộiĐường Hoa Lâm, Phường Việt Hưng, Quận Long Biên, Hà Nội(cũ)Liên hệ:Chử Việt HàĐiện thoại:0974.374.578",phòng trọ,Ngày đăng: Hôm qua,307ac7df7c6d329be5514655dc35e2a806c208cbe2fdc222d65ee0c21ba6113f,"[""https://alonhadat.com.vn/files/properties/2026/9/9/images/019057246-4754-cho-thue-phong-tro-nha-tro-ha-noi-chinh-chu.jpg"", ""https://alonhadat.com.vn/files/properties/2026/9/9/images/119057246-4754-cho-thue-nha-tro-pho-hhoa-lam-viet-hung-long-bien.jpg"", ""https://alonhadat.com.vn/files/properties/2026/9/9/images/219057246-4754-cho-thue-phong-tro-nha-tro-quan-long-bien-chinh-chu.jpg""]",3,hanoi
